{
	"meta": {
		"count": 6,
		"type": "azApplication",
		"version": 4
	},
	"data": [
    {
        "objectid":  "14713b93-817f-44bd-aa33-ff41b09d7315",
        "objectType":  "Application",
        "appId":  "a8f0df80-e717-44ef-97c2-40f9dae5dcd1",
        "allowGuestsSignIn":  null,
        "allowPassthroughUsers":  null,
        "availableToOtherTenants":  false,
        "displayname":  "myApplication",
        "homepage":  "https://account.activedirectory.windowsazure.com:444/applications/default.aspx?metadata=customappsso|ISV9.1|primary|z",
        "wwwHomepage":  null,
        "replyUrls":  [

                      ],
        "isDisabled":  null,
        "publisherDomain":  "019840.onmicrosoft.com",
        "oauth2AllowImplicitFlow":  false,
        "createDateTime":  null,
        "description":  null,
        "passwordCredentials":  [
                                    "class PasswordCredential {\n  CustomKeyIdentifier: \n  EndDate: 15/05/2022 20:39:42\n  KeyId: dacddb8f-cbab-4c38-9e3a-c5b97d582ac6\n  StartDate: 15/02/2022 21:39:42\n  Value: \n}\n",
                                    "class PasswordCredential {\n  CustomKeyIdentifier: \n  EndDate: 30/07/2022 08:59:58\n  KeyId: 53800028-e54a-4c57-b2f7-5eb63e1a4359\n  StartDate: 30/01/2022 09:59:58\n  Value: \n}\n"
                                ],
        "keyCredentials":  [

                           ],
        "appRoleAssignmentRequired":  null,
        "publicClient":  false
    },
    {
        "objectid":  "2e04e236-885d-42b7-9ac2-e7c0ef2fcd35",
        "objectType":  "Application",
        "appId":  "6ee41f14-29f7-4442-8e1c-b74ad7fb5a1c",
        "allowGuestsSignIn":  null,
        "allowPassthroughUsers":  null,
        "availableToOtherTenants":  false,
        "displayname":  "P2P Server",
        "homepage":  null,
        "wwwHomepage":  null,
        "replyUrls":  [

                      ],
        "isDisabled":  null,
        "publisherDomain":  "019840.onmicrosoft.com",
        "oauth2AllowImplicitFlow":  false,
        "createDateTime":  null,
        "description":  null,
        "passwordCredentials":  [

                                ],
        "keyCredentials":  [

                           ],
        "appRoleAssignmentRequired":  null,
        "publicClient":  false
    },
    {
        "objectid":  "51786f78-b7e3-450d-87ae-9c632bdeb09b",
        "objectType":  "Application",
        "appId":  "470a78d0-0c4f-4711-ac31-07cd2f190874",
        "allowGuestsSignIn":  null,
        "allowPassthroughUsers":  null,
        "availableToOtherTenants":  false,
        "displayname":  "RoleManagement",
        "homepage":  "https://account.activedirectory.windowsazure.com:444/applications/default.aspx?metadata=customappsso|ISV9.1|primary|z",
        "wwwHomepage":  null,
        "replyUrls":  [

                      ],
        "isDisabled":  null,
        "publisherDomain":  "019840.onmicrosoft.com",
        "oauth2AllowImplicitFlow":  false,
        "createDateTime":  null,
        "description":  null,
        "passwordCredentials":  [

                                ],
        "keyCredentials":  [

                           ],
        "appRoleAssignmentRequired":  null,
        "publicClient":  false
    },
    {
        "objectid":  "534b1e30-a678-4692-b191-c08e0e07ba5f",
        "objectType":  "Application",
        "appId":  "d9e5f0b0-fac9-46ae-b001-cc59e8c8c013",
        "allowGuestsSignIn":  null,
        "allowPassthroughUsers":  null,
        "availableToOtherTenants":  false,
        "displayname":  "019840-Thinking-in-Graphs-123c7b55-76b8-4980-9c02-10ab8ec23f20",
        "homepage":  "https://VisualStudio/SPN",
        "wwwHomepage":  null,
        "replyUrls":  [
                          "https://VisualStudio/SPN"
                      ],
        "isDisabled":  null,
        "publisherDomain":  "019840.onmicrosoft.com",
        "oauth2AllowImplicitFlow":  false,
        "createDateTime":  null,
        "description":  null,
        "passwordCredentials":  [
                                    "class PasswordCredential {\n  CustomKeyIdentifier: \n  EndDate: 20/02/2024 15:15:47\n  KeyId: 63edc17a-5cf2-471a-823d-dae561fede0c\n  StartDate: 20/02/2022 15:15:47\n  Value: \n}\n"
                                ],
        "keyCredentials":  [

                           ],
        "appRoleAssignmentRequired":  null,
        "publicClient":  null
    },
    {
        "objectid":  "beca7f1b-08bd-4b89-8408-15f8e3fa1111",
        "objectType":  "Application",
        "appId":  "5660c068-5965-48a2-afe7-b0094b014e4b",
        "allowGuestsSignIn":  null,
        "allowPassthroughUsers":  null,
        "availableToOtherTenants":  false,
        "displayname":  "SA-CH-KayTuesso-Synchronize",
        "homepage":  "https://as-ch-kaytuesso-synchronize.azurewebsites.net",
        "wwwHomepage":  null,
        "replyUrls":  [
                          "https://as-ch-kaytuesso-synchronize.azurewebsites.net/.auth/login/aad/callback"
                      ],
        "isDisabled":  null,
        "publisherDomain":  "019840.onmicrosoft.com",
        "oauth2AllowImplicitFlow":  false,
        "createDateTime":  null,
        "description":  null,
        "passwordCredentials":  [
                                    "class PasswordCredential {\n  CustomKeyIdentifier: \n  EndDate: 28/11/2031 19:10:42\n  KeyId: 6778658b-3636-4a2c-b268-dc172f8d7626\n  StartDate: 28/11/2021 19:10:42\n  Value: \n}\n"
                                ],
        "keyCredentials":  [

                           ],
        "appRoleAssignmentRequired":  null,
        "publicClient":  null
    },
    {
        "objectid":  "d00b57c6-7448-40a6-93d3-179c31eda6aa",
        "objectType":  "Application",
        "appId":  "058e4ab6-7bfa-4259-be1c-c4367fca59c2",
        "allowGuestsSignIn":  null,
        "allowPassthroughUsers":  null,
        "availableToOtherTenants":  false,
        "displayname":  "m8r1us-Thinking-in-Graphs-123c7b55-76b8-4980-9c02-10ab8ec23f20",
        "homepage":  "https://VisualStudio/SPN",
        "wwwHomepage":  null,
        "replyUrls":  [
                          "https://VisualStudio/SPN"
                      ],
        "isDisabled":  null,
        "publisherDomain":  "019840.onmicrosoft.com",
        "oauth2AllowImplicitFlow":  false,
        "createDateTime":  null,
        "description":  null,
        "passwordCredentials":  [
                                    "class PasswordCredential {\n  CustomKeyIdentifier: \n  EndDate: 28/11/2023 15:51:38\n  KeyId: 5f53f98d-ce7b-45b2-b962-db62b4841f39\n  StartDate: 28/11/2021 15:51:38\n  Value: \n}\n"
                                ],
        "keyCredentials":  [

                           ],
        "appRoleAssignmentRequired":  null,
        "publicClient":  null
    }
	]
}
