{
	"meta": {
		"count": 6,
		"type": "azApplicationOwners",
		"version": 4
	},
	"data": [
    {
        "objectid":  "14713b93-817f-44bd-aa33-ff41b09d7315",
        "appId":  "a8f0df80-e717-44ef-97c2-40f9dae5dcd1",
        "OwnerID":  "42ec6526-b5e0-4ff1-bb0a-c3f1a1595d36",
        "OwnerType":  "User",
        "OwnerOnPremID":  null
    },
    {
        "objectid":  "14713b93-817f-44bd-aa33-ff41b09d7315",
        "appId":  "a8f0df80-e717-44ef-97c2-40f9dae5dcd1",
        "OwnerID":  "b75fa3ba-a9b0-439a-a1cd-e395903a18f9",
        "OwnerType":  "User",
        "OwnerOnPremID":  null
    },
    {
        "objectid":  "51786f78-b7e3-450d-87ae-9c632bdeb09b",
        "appId":  "470a78d0-0c4f-4711-ac31-07cd2f190874",
        "OwnerID":  "8981540e-7aa8-4001-83e8-f2fdfda46b6c",
        "OwnerType":  "User",
        "OwnerOnPremID":  null
    },
    {
        "objectid":  "51786f78-b7e3-450d-87ae-9c632bdeb09b",
        "appId":  "470a78d0-0c4f-4711-ac31-07cd2f190874",
        "OwnerID":  "636bbd04-dc3d-44e3-8ba6-fd4d8ecdcabe",
        "OwnerType":  "User",
        "OwnerOnPremID":  null
    },
    {
        "objectid":  "beca7f1b-08bd-4b89-8408-15f8e3fa1111",
        "appId":  "5660c068-5965-48a2-afe7-b0094b014e4b",
        "OwnerID":  "42ec6526-b5e0-4ff1-bb0a-c3f1a1595d36",
        "OwnerType":  "User",
        "OwnerOnPremID":  null
    },
    {
        "objectid":  "beca7f1b-08bd-4b89-8408-15f8e3fa1111",
        "appId":  "5660c068-5965-48a2-afe7-b0094b014e4b",
        "OwnerID":  "5c7391de-553a-4eaf-8a8b-78e1b09bf9ea",
        "OwnerType":  "User",
        "OwnerOnPremID":  null
    }
	]
}
