{
	"meta": {
		"count": 29,
		"type": "azArmRoleAssignments",
		"version": 4
	},
	"data": [
    {
        "roleId":  "/providers/Microsoft.Management/managementGroups/d2fa7646-d9d8-44c9-90e9-f26e0e5e20ec/18d7d88d-d35e-4fb5-a5c3-7773c20a72d9",
        "principalId":  "a0d21482-9d10-450f-85c8-b0ef850bec82",
        "principalType":  "ServicePrincipal",
        "roleAssignmentId":  "/providers/Microsoft.Management/managementGroups/d2fa7646-d9d8-44c9-90e9-f26e0e5e20ec/providers/Microsoft.Authorization/roleAssignments/d673d398-c982-43bb-9dfb-3f22222fe277"
    },
    {
        "roleId":  "/providers/Microsoft.Management/managementGroups/d2fa7646-d9d8-44c9-90e9-f26e0e5e20ec/18d7d88d-d35e-4fb5-a5c3-7773c20a72d9",
        "principalId":  "42ec6526-b5e0-4ff1-bb0a-c3f1a1595d36",
        "principalType":  "User",
        "roleAssignmentId":  "/providers/Microsoft.Authorization/roleAssignments/6f103bf9-bb7f-4065-b271-e792338a27a6"
    },
    {
        "roleId":  "/providers/Microsoft.Management/managementGroups/d2fa7646-d9d8-44c9-90e9-f26e0e5e20ec/18d7d88d-d35e-4fb5-a5c3-7773c20a72d9",
        "principalId":  "8f5021d4-5a7f-4522-829e-48304b5221e1",
        "principalType":  "User",
        "roleAssignmentId":  "/providers/Microsoft.Authorization/roleAssignments/6dbecb84-5a42-4b53-b46d-bb9a32e7a748"
    },
    {
        "roleId":  "/providers/Microsoft.Management/managementGroups/d2fa7646-d9d8-44c9-90e9-f26e0e5e20ec/18d7d88d-d35e-4fb5-a5c3-7773c20a72d9",
        "principalId":  "eba21874-b707-41be-9eca-84f9e85e5bff",
        "principalType":  "User",
        "roleAssignmentId":  "/providers/Microsoft.Authorization/roleAssignments/d09130ae-90a6-4306-aa5e-ff42afa2cb53"
    },
    {
        "roleId":  "/providers/Microsoft.Management/managementGroups/DEV/18d7d88d-d35e-4fb5-a5c3-7773c20a72d9",
        "principalId":  "a0d21482-9d10-450f-85c8-b0ef850bec82",
        "principalType":  "ServicePrincipal",
        "roleAssignmentId":  "/providers/Microsoft.Management/managementGroups/DEV/providers/Microsoft.Authorization/roleAssignments/3e8de937-d39b-4b78-bfcb-85eb6138ae76"
    },
    {
        "roleId":  "/providers/Microsoft.Management/managementGroups/DEV/8e3af657-a8ff-443c-a75c-2fe8c4bcb635",
        "principalId":  "42ec6526-b5e0-4ff1-bb0a-c3f1a1595d36",
        "principalType":  "User",
        "roleAssignmentId":  "/providers/Microsoft.Management/managementGroups/DEV/providers/Microsoft.Authorization/roleAssignments/a7480123-bfbc-4ec3-a661-0c62065a104f"
    },
    {
        "roleId":  "/providers/Microsoft.Management/managementGroups/DEV/18d7d88d-d35e-4fb5-a5c3-7773c20a72d9",
        "principalId":  "42ec6526-b5e0-4ff1-bb0a-c3f1a1595d36",
        "principalType":  "User",
        "roleAssignmentId":  "/providers/Microsoft.Authorization/roleAssignments/6f103bf9-bb7f-4065-b271-e792338a27a6"
    },
    {
        "roleId":  "/providers/Microsoft.Management/managementGroups/DEV/18d7d88d-d35e-4fb5-a5c3-7773c20a72d9",
        "principalId":  "8f5021d4-5a7f-4522-829e-48304b5221e1",
        "principalType":  "User",
        "roleAssignmentId":  "/providers/Microsoft.Authorization/roleAssignments/6dbecb84-5a42-4b53-b46d-bb9a32e7a748"
    },
    {
        "roleId":  "/providers/Microsoft.Management/managementGroups/DEV/18d7d88d-d35e-4fb5-a5c3-7773c20a72d9",
        "principalId":  "eba21874-b707-41be-9eca-84f9e85e5bff",
        "principalType":  "User",
        "roleAssignmentId":  "/providers/Microsoft.Authorization/roleAssignments/d09130ae-90a6-4306-aa5e-ff42afa2cb53"
    },
    {
        "roleId":  "/providers/Microsoft.Management/managementGroups/DEV/18d7d88d-d35e-4fb5-a5c3-7773c20a72d9",
        "principalId":  "a0d21482-9d10-450f-85c8-b0ef850bec82",
        "principalType":  "ServicePrincipal",
        "roleAssignmentId":  "/providers/Microsoft.Management/managementGroups/d2fa7646-d9d8-44c9-90e9-f26e0e5e20ec/providers/Microsoft.Authorization/roleAssignments/d673d398-c982-43bb-9dfb-3f22222fe277"
    },
    {
        "roleId":  "/subscriptions/123c7b55-76b8-4980-9c02-10ab8ec23f20/18d7d88d-d35e-4fb5-a5c3-7773c20a72d9",
        "principalId":  "a0d21482-9d10-450f-85c8-b0ef850bec82",
        "principalType":  "ServicePrincipal",
        "roleAssignmentId":  "/subscriptions/123c7b55-76b8-4980-9c02-10ab8ec23f20/providers/Microsoft.Authorization/roleAssignments/1500ed70-e7a1-47f4-8db5-d36d1fc39b40"
    },
    {
        "roleId":  "/subscriptions/123c7b55-76b8-4980-9c02-10ab8ec23f20/acdd72a7-3385-48ef-bd42-f606fba81ae7",
        "principalId":  "13167c2a-fd7c-42fe-b8b4-49d6e6130e28",
        "principalType":  "ServicePrincipal",
        "roleAssignmentId":  "/subscriptions/123c7b55-76b8-4980-9c02-10ab8ec23f20/providers/Microsoft.Authorization/roleAssignments/582eb1b4-fbbd-47ad-ad6f-c55bd6e54486"
    },
    {
        "roleId":  "/subscriptions/123c7b55-76b8-4980-9c02-10ab8ec23f20/acdd72a7-3385-48ef-bd42-f606fba81ae7",
        "principalId":  "87bfdcbb-a254-42d4-95c6-2305cb7d6b62",
        "principalType":  "ServicePrincipal",
        "roleAssignmentId":  "/subscriptions/123c7b55-76b8-4980-9c02-10ab8ec23f20/providers/Microsoft.Authorization/roleAssignments/05851d74-44fd-45ec-a8eb-49c62eca2a6d"
    },
    {
        "roleId":  "/subscriptions/123c7b55-76b8-4980-9c02-10ab8ec23f20/b24988ac-6180-42a0-ab88-20f7382dd24c",
        "principalId":  "13167c2a-fd7c-42fe-b8b4-49d6e6130e28",
        "principalType":  "ServicePrincipal",
        "roleAssignmentId":  "/subscriptions/123c7b55-76b8-4980-9c02-10ab8ec23f20/providers/Microsoft.Authorization/roleAssignments/b0820bd8-b952-4efb-bdbe-ee39a8c2f83d"
    },
    {
        "roleId":  "/subscriptions/123c7b55-76b8-4980-9c02-10ab8ec23f20/b24988ac-6180-42a0-ab88-20f7382dd24c",
        "principalId":  "a1fc5448-1a5f-4827-9a76-d8acbb6b1be5",
        "principalType":  "ServicePrincipal",
        "roleAssignmentId":  "/subscriptions/123c7b55-76b8-4980-9c02-10ab8ec23f20/providers/Microsoft.Authorization/roleAssignments/0558e8ea-4ede-46f5-b22f-3ec30f3f89ec"
    },
    {
        "roleId":  "/subscriptions/b1f16657-dd6b-4dc6-ac0a-8de1a884d403/18d7d88d-d35e-4fb5-a5c3-7773c20a72d9",
        "principalId":  "a0d21482-9d10-450f-85c8-b0ef850bec82",
        "principalType":  "ServicePrincipal",
        "roleAssignmentId":  "/subscriptions/b1f16657-dd6b-4dc6-ac0a-8de1a884d403/providers/Microsoft.Authorization/roleAssignments/aa25d93c-df4a-4d97-a451-b195f6ca9cc7"
    },
    {
        "roleId":  "/subscriptions/b1f16657-dd6b-4dc6-ac0a-8de1a884d403/92aaf0da-9dab-42b6-94a3-d43ce8d16293",
        "principalId":  "1750b8e1-1673-4358-8fb8-f5e9061bf15f",
        "principalType":  "ServicePrincipal",
        "roleAssignmentId":  "/subscriptions/b1f16657-dd6b-4dc6-ac0a-8de1a884d403/providers/Microsoft.Authorization/roleAssignments/398d2272-a82f-4ace-b658-2291778dbcbe"
    },
    {
        "roleId":  "/subscriptions/b1f16657-dd6b-4dc6-ac0a-8de1a884d403/92aaf0da-9dab-42b6-94a3-d43ce8d16293",
        "principalId":  "3e5dc19a-35d0-4374-b54a-dc0d9a58dca7",
        "principalType":  "ServicePrincipal",
        "roleAssignmentId":  "/subscriptions/b1f16657-dd6b-4dc6-ac0a-8de1a884d403/providers/Microsoft.Authorization/roleAssignments/97c89ed3-4af1-45e6-c8ce-4a6f19e7c96c"
    },
    {
        "roleId":  "/subscriptions/b1f16657-dd6b-4dc6-ac0a-8de1a884d403/92aaf0da-9dab-42b6-94a3-d43ce8d16293",
        "principalId":  "cee4062e-a105-4ff4-9b99-f71216ebedd0",
        "principalType":  "ServicePrincipal",
        "roleAssignmentId":  "/subscriptions/b1f16657-dd6b-4dc6-ac0a-8de1a884d403/providers/Microsoft.Authorization/roleAssignments/88a7a704-9189-4274-ccf4-995dc0f5db9a"
    },
    {
        "roleId":  "/subscriptions/b1f16657-dd6b-4dc6-ac0a-8de1a884d403/b24988ac-6180-42a0-ab88-20f7382dd24c",
        "principalId":  "1750b8e1-1673-4358-8fb8-f5e9061bf15f",
        "principalType":  "ServicePrincipal",
        "roleAssignmentId":  "/subscriptions/b1f16657-dd6b-4dc6-ac0a-8de1a884d403/providers/Microsoft.Authorization/roleAssignments/d9027d62-29f7-45bb-27ac-b88bdb7db72e"
    },
    {
        "roleId":  "/subscriptions/b1f16657-dd6b-4dc6-ac0a-8de1a884d403/b24988ac-6180-42a0-ab88-20f7382dd24c",
        "principalId":  "3e5dc19a-35d0-4374-b54a-dc0d9a58dca7",
        "principalType":  "ServicePrincipal",
        "roleAssignmentId":  "/subscriptions/b1f16657-dd6b-4dc6-ac0a-8de1a884d403/providers/Microsoft.Authorization/roleAssignments/5c6ba709-f3a0-40be-852e-c84a323ed666"
    },
    {
        "roleId":  "/subscriptions/b1f16657-dd6b-4dc6-ac0a-8de1a884d403/b24988ac-6180-42a0-ab88-20f7382dd24c",
        "principalId":  "cee4062e-a105-4ff4-9b99-f71216ebedd0",
        "principalType":  "ServicePrincipal",
        "roleAssignmentId":  "/subscriptions/b1f16657-dd6b-4dc6-ac0a-8de1a884d403/providers/Microsoft.Authorization/roleAssignments/118eb999-527e-4ec5-ebfc-74dcb61d45e8"
    },
    {
        "roleId":  "/subscriptions/b1f16657-dd6b-4dc6-ac0a-8de1a884d403/ed7f3fbd-7b88-4dd4-9017-9adb7ce333f8",
        "principalId":  "1750b8e1-1673-4358-8fb8-f5e9061bf15f",
        "principalType":  "ServicePrincipal",
        "roleAssignmentId":  "/subscriptions/b1f16657-dd6b-4dc6-ac0a-8de1a884d403/providers/Microsoft.Authorization/roleAssignments/8465cf6c-bb93-4515-b487-ed75d62962b1"
    },
    {
        "roleId":  "/subscriptions/b1f16657-dd6b-4dc6-ac0a-8de1a884d403/ed7f3fbd-7b88-4dd4-9017-9adb7ce333f8",
        "principalId":  "3e5dc19a-35d0-4374-b54a-dc0d9a58dca7",
        "principalType":  "ServicePrincipal",
        "roleAssignmentId":  "/subscriptions/b1f16657-dd6b-4dc6-ac0a-8de1a884d403/providers/Microsoft.Authorization/roleAssignments/ea785967-e0e5-49b3-a263-f16f1906b5fe"
    },
    {
        "roleId":  "/subscriptions/b1f16657-dd6b-4dc6-ac0a-8de1a884d403/ed7f3fbd-7b88-4dd4-9017-9adb7ce333f8",
        "principalId":  "cee4062e-a105-4ff4-9b99-f71216ebedd0",
        "principalType":  "ServicePrincipal",
        "roleAssignmentId":  "/subscriptions/b1f16657-dd6b-4dc6-ac0a-8de1a884d403/providers/Microsoft.Authorization/roleAssignments/a4279ec5-e625-406a-dce5-dca2537f5d24"
    },
    {
        "roleId":  "/subscriptions/b1f16657-dd6b-4dc6-ac0a-8de1a884d403/resourceGroups/01-Assessment/acdd72a7-3385-48ef-bd42-f606fba81ae7",
        "principalId":  "569d91c1-8f8c-4ac5-aaf8-9e753f7e45df",
        "principalType":  "User",
        "roleAssignmentId":  "/subscriptions/b1f16657-dd6b-4dc6-ac0a-8de1a884d403/resourceGroups/01-Assessment/providers/Microsoft.Authorization/roleAssignments/a0798499-4b93-4f4b-852c-4b5890fda505"
    },
    {
        "roleId":  "/subscriptions/b1f16657-dd6b-4dc6-ac0a-8de1a884d403/resourceGroups/01-ASSESSMENT/providers/Microsoft.Compute/virtualMachines/aadconnect/4f8fab4f-1852-4a58-a46a-8eaf358af14a",
        "principalId":  "569d91c1-8f8c-4ac5-aaf8-9e753f7e45df",
        "principalType":  "User",
        "roleAssignmentId":  "/subscriptions/b1f16657-dd6b-4dc6-ac0a-8de1a884d403/resourceGroups/01-Assessment/providers/Microsoft.Compute/virtualMachines/aadconnect/providers/Microsoft.Authorization/roleAssignments/b2c298bc-275c-44a8-b2b8-2c2c6f924eb2"
    },
    {
        "roleId":  "/subscriptions/b1f16657-dd6b-4dc6-ac0a-8de1a884d403/resourceGroups/01-ASSESSMENT/providers/Microsoft.Compute/virtualMachines/DC1/b24988ac-6180-42a0-ab88-20f7382dd24c",
        "principalId":  "849444c2-dddf-4227-92a7-4299871d6b86",
        "principalType":  "User",
        "roleAssignmentId":  "/subscriptions/b1f16657-dd6b-4dc6-ac0a-8de1a884d403/resourceGroups/01-Assessment/providers/Microsoft.Compute/virtualMachines/DC1/providers/Microsoft.Authorization/roleAssignments/fa6ef8ee-a9ab-4734-a872-23c86bc2a9e3"
    },
    {
        "roleId":  "/subscriptions/123c7b55-76b8-4980-9c02-10ab8ec23f20/resourceGroups/RG-CH-KayTuesso/providers/Microsoft.KeyVault/vaults/KV-CH-KayTuesso/00482a5a-887f-4fb3-b363-3b7fe8e74483",
        "principalId":  "3ceeed06-17f1-4ebe-92a4-fcb2d9879d57",
        "principalType":  "User",
        "roleAssignmentId":  "/subscriptions/123c7b55-76b8-4980-9c02-10ab8ec23f20/resourceGroups/RG-CH-KayTuesso/providers/Microsoft.KeyVault/vaults/KV-CH-KayTuesso/providers/Microsoft.Authorization/roleAssignments/faf609dc-20be-4114-a04d-0bb1bf21c82e"
    }
	]
}
