{
	"meta": {
		"count": 2,
		"type": "azArmMgmtGroups",
		"version": 4
	},
	"data": [
    {
        "objectid":  "/providers/Microsoft.Management/managementGroups/d2fa7646-d9d8-44c9-90e9-f26e0e5e20ec",
        "name":  "d2fa7646-d9d8-44c9-90e9-f26e0e5e20ec",
        "displayname":  "Tenant Root Group",
        "tenantId":  "d2fa7646-d9d8-44c9-90e9-f26e0e5e20ec",
        "parentId":  null
    },
    {
        "objectid":  "/providers/Microsoft.Management/managementGroups/DEV",
        "name":  "DEV",
        "displayname":  "Development",
        "tenantId":  "d2fa7646-d9d8-44c9-90e9-f26e0e5e20ec",
        "parentId":  "/providers/Microsoft.Management/managementGroups/d2fa7646-d9d8-44c9-90e9-f26e0e5e20ec"
    }
	]
}
