{
	"meta": {
		"count": 14,
		"type": "azArmRoles",
		"version": 4
	},
	"data": [
    {
        "objectid":  "/providers/Microsoft.Management/managementGroups/d2fa7646-d9d8-44c9-90e9-f26e0e5e20ec/18d7d88d-d35e-4fb5-a5c3-7773c20a72d9",
        "roleDefinitionId":  "18d7d88d-d35e-4fb5-a5c3-7773c20a72d9",
        "roleDefinitionName":  "User Access Administrator",
        "scopeId":  "/providers/Microsoft.Management/managementGroups/d2fa7646-d9d8-44c9-90e9-f26e0e5e20ec"
    },
    {
        "objectid":  "/providers/Microsoft.Management/managementGroups/DEV/18d7d88d-d35e-4fb5-a5c3-7773c20a72d9",
        "roleDefinitionId":  "18d7d88d-d35e-4fb5-a5c3-7773c20a72d9",
        "roleDefinitionName":  "User Access Administrator",
        "scopeId":  "/providers/Microsoft.Management/managementGroups/DEV"
    },
    {
        "objectid":  "/providers/Microsoft.Management/managementGroups/DEV/8e3af657-a8ff-443c-a75c-2fe8c4bcb635",
        "roleDefinitionId":  "8e3af657-a8ff-443c-a75c-2fe8c4bcb635",
        "roleDefinitionName":  "Owner",
        "scopeId":  "/providers/Microsoft.Management/managementGroups/DEV"
    },
    {
        "objectid":  "/subscriptions/123c7b55-76b8-4980-9c02-10ab8ec23f20/18d7d88d-d35e-4fb5-a5c3-7773c20a72d9",
        "roleDefinitionId":  "18d7d88d-d35e-4fb5-a5c3-7773c20a72d9",
        "roleDefinitionName":  "User Access Administrator",
        "scopeId":  "/subscriptions/123c7b55-76b8-4980-9c02-10ab8ec23f20"
    },
    {
        "objectid":  "/subscriptions/123c7b55-76b8-4980-9c02-10ab8ec23f20/acdd72a7-3385-48ef-bd42-f606fba81ae7",
        "roleDefinitionId":  "acdd72a7-3385-48ef-bd42-f606fba81ae7",
        "roleDefinitionName":  "Reader",
        "scopeId":  "/subscriptions/123c7b55-76b8-4980-9c02-10ab8ec23f20"
    },
    {
        "objectid":  "/subscriptions/123c7b55-76b8-4980-9c02-10ab8ec23f20/b24988ac-6180-42a0-ab88-20f7382dd24c",
        "roleDefinitionId":  "b24988ac-6180-42a0-ab88-20f7382dd24c",
        "roleDefinitionName":  "Contributor",
        "scopeId":  "/subscriptions/123c7b55-76b8-4980-9c02-10ab8ec23f20"
    },
    {
        "objectid":  "/subscriptions/b1f16657-dd6b-4dc6-ac0a-8de1a884d403/18d7d88d-d35e-4fb5-a5c3-7773c20a72d9",
        "roleDefinitionId":  "18d7d88d-d35e-4fb5-a5c3-7773c20a72d9",
        "roleDefinitionName":  "User Access Administrator",
        "scopeId":  "/subscriptions/b1f16657-dd6b-4dc6-ac0a-8de1a884d403"
    },
    {
        "objectid":  "/subscriptions/b1f16657-dd6b-4dc6-ac0a-8de1a884d403/92aaf0da-9dab-42b6-94a3-d43ce8d16293",
        "roleDefinitionId":  "92aaf0da-9dab-42b6-94a3-d43ce8d16293",
        "roleDefinitionName":  "Log Analytics Contributor",
        "scopeId":  "/subscriptions/b1f16657-dd6b-4dc6-ac0a-8de1a884d403"
    },
    {
        "objectid":  "/subscriptions/b1f16657-dd6b-4dc6-ac0a-8de1a884d403/b24988ac-6180-42a0-ab88-20f7382dd24c",
        "roleDefinitionId":  "b24988ac-6180-42a0-ab88-20f7382dd24c",
        "roleDefinitionName":  "Contributor",
        "scopeId":  "/subscriptions/b1f16657-dd6b-4dc6-ac0a-8de1a884d403"
    },
    {
        "objectid":  "/subscriptions/b1f16657-dd6b-4dc6-ac0a-8de1a884d403/ed7f3fbd-7b88-4dd4-9017-9adb7ce333f8",
        "roleDefinitionId":  "ed7f3fbd-7b88-4dd4-9017-9adb7ce333f8",
        "roleDefinitionName":  "Azure Kubernetes Service Contributor Role",
        "scopeId":  "/subscriptions/b1f16657-dd6b-4dc6-ac0a-8de1a884d403"
    },
    {
        "objectid":  "/subscriptions/b1f16657-dd6b-4dc6-ac0a-8de1a884d403/resourceGroups/01-Assessment/acdd72a7-3385-48ef-bd42-f606fba81ae7",
        "roleDefinitionId":  "acdd72a7-3385-48ef-bd42-f606fba81ae7",
        "roleDefinitionName":  "Reader",
        "scopeId":  "/subscriptions/b1f16657-dd6b-4dc6-ac0a-8de1a884d403/resourceGroups/01-Assessment"
    },
    {
        "objectid":  "/subscriptions/b1f16657-dd6b-4dc6-ac0a-8de1a884d403/resourceGroups/01-ASSESSMENT/providers/Microsoft.Compute/virtualMachines/aadconnect/4f8fab4f-1852-4a58-a46a-8eaf358af14a",
        "roleDefinitionId":  "4f8fab4f-1852-4a58-a46a-8eaf358af14a",
        "roleDefinitionName":  "Avere Contributor",
        "scopeId":  "/subscriptions/b1f16657-dd6b-4dc6-ac0a-8de1a884d403/resourceGroups/01-ASSESSMENT/providers/Microsoft.Compute/virtualMachines/aadconnect"
    },
    {
        "objectid":  "/subscriptions/b1f16657-dd6b-4dc6-ac0a-8de1a884d403/resourceGroups/01-ASSESSMENT/providers/Microsoft.Compute/virtualMachines/DC1/b24988ac-6180-42a0-ab88-20f7382dd24c",
        "roleDefinitionId":  "b24988ac-6180-42a0-ab88-20f7382dd24c",
        "roleDefinitionName":  "Contributor",
        "scopeId":  "/subscriptions/b1f16657-dd6b-4dc6-ac0a-8de1a884d403/resourceGroups/01-ASSESSMENT/providers/Microsoft.Compute/virtualMachines/DC1"
    },
    {
        "objectid":  "/subscriptions/123c7b55-76b8-4980-9c02-10ab8ec23f20/resourceGroups/RG-CH-KayTuesso/providers/Microsoft.KeyVault/vaults/KV-CH-KayTuesso/00482a5a-887f-4fb3-b363-3b7fe8e74483",
        "roleDefinitionId":  "00482a5a-887f-4fb3-b363-3b7fe8e74483",
        "roleDefinitionName":  "Key Vault Administrator",
        "scopeId":  "/subscriptions/123c7b55-76b8-4980-9c02-10ab8ec23f20/resourceGroups/RG-CH-KayTuesso/providers/Microsoft.KeyVault/vaults/KV-CH-KayTuesso"
    }
	]
}
