{
	"meta": {
		"count": 3,
		"type": "azArmMgmtGroupsChilds",
		"version": 4
	},
	"data": [
    {
        "parentId":  "/providers/Microsoft.Management/managementGroups/d2fa7646-d9d8-44c9-90e9-f26e0e5e20ec",
        "childId":  "/providers/Microsoft.Management/managementGroups/DEV"
    },
    {
        "parentId":  "/providers/Microsoft.Management/managementGroups/DEV",
        "childId":  "/subscriptions/123c7b55-76b8-4980-9c02-10ab8ec23f20"
    },
    {
        "parentId":  "/providers/Microsoft.Management/managementGroups/DEV",
        "childId":  "/subscriptions/b1f16657-dd6b-4dc6-ac0a-8de1a884d403"
    }
	]
}
