{
	"meta": {
		"count": 24,
		"type": "azDevOpsUsers",
		"version": 4
	},
	"data": [
    {
        "subjectKind":  "user",
        "directoryAlias":  null,
        "principalName":  "d74711b5-f338-4339-849a-e8be56efc752",
        "mailAddress":  "",
        "displayName":  "Dd74711b5-f338-4339-849a-e8be56efc752 Build Service (m8r1us)",
        "descriptor":  "svc.N2MwOWMwZTYtM2ZhOS00MGZkLTk1N2QtY2NjMGYzMzViNjRiOkJ1aWxkOmQ3NDcxMWI1LWYzMzgtNDMzOS04NDlhLWU4YmU1NmVmYzc1Mg",
        "accountName":  "m8r1us",
        "accountUri":  "https://vssps.dev.azure.com:443/m8r1us/",
        "accountId":  "ae4e9438-419a-41c3-9b49-4dd575efd480",
        "tenant":  "Build",
        "origin":  "vsts",
        "originId":  "e6cdba32-f79d-4253-8160-0d5d128b845a"
    },
    {
        "subjectKind":  "user",
        "directoryAlias":  null,
        "principalName":  "18a59b50-9c52-4f9b-96e2-9b120ebc869f",
        "mailAddress":  "",
        "displayName":  "D18a59b50-9c52-4f9b-96e2-9b120ebc869f Build Service (m8r1us)",
        "descriptor":  "svc.N2MwOWMwZTYtM2ZhOS00MGZkLTk1N2QtY2NjMGYzMzViNjRiOkJ1aWxkOjE4YTU5YjUwLTljNTItNGY5Yi05NmUyLTliMTIwZWJjODY5Zg",
        "accountName":  "m8r1us",
        "accountUri":  "https://vssps.dev.azure.com:443/m8r1us/",
        "accountId":  "ae4e9438-419a-41c3-9b49-4dd575efd480",
        "tenant":  "Build",
        "origin":  "vsts",
        "originId":  "8946c8f8-aefe-467d-9b73-18b8ab45bacc"
    },
    {
        "subjectKind":  "user",
        "directoryAlias":  null,
        "principalName":  "ae4e9438-419a-41c3-9b49-4dd575efd480",
        "mailAddress":  "",
        "displayName":  "Project Collection Build Service (m8r1us)",
        "descriptor":  "svc.N2MwOWMwZTYtM2ZhOS00MGZkLTk1N2QtY2NjMGYzMzViNjRiOkJ1aWxkOmFlNGU5NDM4LTQxOWEtNDFjMy05YjQ5LTRkZDU3NWVmZDQ4MA",
        "accountName":  "m8r1us",
        "accountUri":  "https://vssps.dev.azure.com:443/m8r1us/",
        "accountId":  "ae4e9438-419a-41c3-9b49-4dd575efd480",
        "tenant":  "Build",
        "origin":  "vsts",
        "originId":  "822499f3-d617-417c-9f81-3c4604ee96b0"
    },
    {
        "subjectKind":  "user",
        "directoryAlias":  null,
        "principalName":  "f823665c-cd7d-428a-a456-780cb2f19e1a",
        "mailAddress":  "",
        "displayName":  "Thinking-in-Graphs Build Service (m8r1us)",
        "descriptor":  "svc.N2MwOWMwZTYtM2ZhOS00MGZkLTk1N2QtY2NjMGYzMzViNjRiOkJ1aWxkOmY4MjM2NjVjLWNkN2QtNDI4YS1hNDU2LTc4MGNiMmYxOWUxYQ",
        "accountName":  "m8r1us",
        "accountUri":  "https://vssps.dev.azure.com:443/m8r1us/",
        "accountId":  "ae4e9438-419a-41c3-9b49-4dd575efd480",
        "tenant":  "Build",
        "origin":  "vsts",
        "originId":  "577b0acf-f617-4202-b6cb-4f49364da8e8"
    },
    {
        "subjectKind":  "user",
        "directoryAlias":  null,
        "principalName":  "f18f9779-39bc-42cd-9fe2-ed557931ab36",
        "mailAddress":  "",
        "displayName":  "Agent Pool Service (3)",
        "descriptor":  "svc.YWU0ZTk0MzgtNDE5YS00MWMzLTliNDktNGRkNTc1ZWZkNDgwOkFnZW50UG9vbDpmMThmOTc3OS0zOWJjLTQyY2QtOWZlMi1lZDU1NzkzMWFiMzY",
        "accountName":  "m8r1us",
        "accountUri":  "https://vssps.dev.azure.com:443/m8r1us/",
        "accountId":  "ae4e9438-419a-41c3-9b49-4dd575efd480",
        "tenant":  "AgentPool",
        "origin":  "vsts",
        "originId":  "3adbf56f-571f-4e85-b2ee-5cbc38ee5afa"
    },
    {
        "subjectKind":  "user",
        "directoryAlias":  null,
        "principalName":  "8280d2f2-60c6-4c74-b5a0-5199a683d713",
        "mailAddress":  "",
        "displayName":  "D8280d2f2-60c6-4c74-b5a0-5199a683d713 Build Service (m8r1us)",
        "descriptor":  "svc.N2MwOWMwZTYtM2ZhOS00MGZkLTk1N2QtY2NjMGYzMzViNjRiOkJ1aWxkOjgyODBkMmYyLTYwYzYtNGM3NC1iNWEwLTUxOTlhNjgzZDcxMw",
        "accountName":  "m8r1us",
        "accountUri":  "https://vssps.dev.azure.com:443/m8r1us/",
        "accountId":  "ae4e9438-419a-41c3-9b49-4dd575efd480",
        "tenant":  "Build",
        "origin":  "vsts",
        "originId":  "b786cb1b-07c2-4215-b7cb-721a62db4c05"
    },
    {
        "subjectKind":  "user",
        "directoryAlias":  null,
        "principalName":  "563588ca-331c-48d5-ad78-9f362a729691",
        "mailAddress":  "",
        "displayName":  "D563588ca-331c-48d5-ad78-9f362a729691 Build Service (m8r1us)",
        "descriptor":  "svc.N2MwOWMwZTYtM2ZhOS00MGZkLTk1N2QtY2NjMGYzMzViNjRiOkJ1aWxkOjU2MzU4OGNhLTMzMWMtNDhkNS1hZDc4LTlmMzYyYTcyOTY5MQ",
        "accountName":  "m8r1us",
        "accountUri":  "https://vssps.dev.azure.com:443/m8r1us/",
        "accountId":  "ae4e9438-419a-41c3-9b49-4dd575efd480",
        "tenant":  "Build",
        "origin":  "vsts",
        "originId":  "3bb88e82-73ae-4107-839c-7a0da5307f5b"
    },
    {
        "subjectKind":  "user",
        "directoryAlias":  "marius",
        "principalName":  "marius@019840.onmicrosoft.com",
        "mailAddress":  "marius@019840.onmicrosoft.com",
        "displayName":  "marius",
        "descriptor":  "aad.ZWU5YjI3NDgtOTc2Mi03YTYxLTk2YzMtN2Y1MjcwM2E5NmE2",
        "accountName":  "m8r1us",
        "accountUri":  "https://vssps.dev.azure.com:443/m8r1us/",
        "accountId":  "ae4e9438-419a-41c3-9b49-4dd575efd480",
        "tenant":  "d2fa7646-d9d8-44c9-90e9-f26e0e5e20ec",
        "origin":  "aad",
        "originId":  "42ec6526-b5e0-4ff1-bb0a-c3f1a1595d36"
    },
    {
        "subjectKind":  "user",
        "directoryAlias":  "Greg",
        "principalName":  "Greg@019840.onmicrosoft.com",
        "mailAddress":  "Greg@019840.onmicrosoft.com",
        "displayName":  "Greg",
        "descriptor":  "aad.ZTQzYWMyODYtNWYzZC03NTEyLWJhMGQtOGE2MDZhYjI2NGIw",
        "accountName":  "m8r1us",
        "accountUri":  "https://vssps.dev.azure.com:443/m8r1us/",
        "accountId":  "ae4e9438-419a-41c3-9b49-4dd575efd480",
        "tenant":  "d2fa7646-d9d8-44c9-90e9-f26e0e5e20ec",
        "origin":  "aad",
        "originId":  "5c7391de-553a-4eaf-8a8b-78e1b09bf9ea"
    },
    {
        "subjectKind":  "user",
        "directoryAlias":  null,
        "principalName":  "ae4e9438-419a-41c3-9b49-4dd575efd480",
        "mailAddress":  "",
        "displayName":  "Azure Boards",
        "descriptor":  "svc.N2MwOWMwZTYtM2ZhOS00MGZkLTk1N2QtY2NjMGYzMzViNjRiOkJvYXJkczphZTRlOTQzOC00MTlhLTQxYzMtOWI0OS00ZGQ1NzVlZmQ0ODA",
        "accountName":  "m8r1us",
        "accountUri":  "https://vssps.dev.azure.com:443/m8r1us/",
        "accountId":  "ae4e9438-419a-41c3-9b49-4dd575efd480",
        "tenant":  "Boards",
        "origin":  "vsts",
        "originId":  "f8dfcc64-5752-46ed-bffc-906cd3f7478c"
    },
    {
        "subjectKind":  "user",
        "directoryAlias":  null,
        "principalName":  "85ef52a3-5991-4c28-a21b-04908ba2539b",
        "mailAddress":  "",
        "displayName":  "GitHub",
        "descriptor":  "svc.N2MwOWMwZTYtM2ZhOS00MGZkLTk1N2QtY2NjMGYzMzViNjRiOkdpdEh1YiBBcHA6ODVlZjUyYTMtNTk5MS00YzI4LWEyMWItMDQ5MDhiYTI1Mzli",
        "accountName":  "m8r1us",
        "accountUri":  "https://vssps.dev.azure.com:443/m8r1us/",
        "accountId":  "ae4e9438-419a-41c3-9b49-4dd575efd480",
        "tenant":  "GitHub App",
        "origin":  "vsts",
        "originId":  "e6181bbb-24e6-47bc-b660-9558dd2af596"
    },
    {
        "subjectKind":  "user",
        "directoryAlias":  null,
        "principalName":  "e89fad06-5a03-4ae8-816d-3a5f963945a7",
        "mailAddress":  "",
        "displayName":  "Agent Pool Service (10)",
        "descriptor":  "svc.YWU0ZTk0MzgtNDE5YS00MWMzLTliNDktNGRkNTc1ZWZkNDgwOkFnZW50UG9vbDplODlmYWQwNi01YTAzLTRhZTgtODE2ZC0zYTVmOTYzOTQ1YTc",
        "accountName":  "m8r1us",
        "accountUri":  "https://vssps.dev.azure.com:443/m8r1us/",
        "accountId":  "ae4e9438-419a-41c3-9b49-4dd575efd480",
        "tenant":  "AgentPool",
        "origin":  "vsts",
        "originId":  "b91bc3fd-6c6a-462b-a099-9996f089b4e2"
    },
    {
        "subjectKind":  "user",
        "directoryAlias":  null,
        "principalName":  "eb2eff0f-5b51-4e5d-9a38-6f408461e09e",
        "mailAddress":  "",
        "displayName":  "Agent Pool Service (2)",
        "descriptor":  "svc.YWU0ZTk0MzgtNDE5YS00MWMzLTliNDktNGRkNTc1ZWZkNDgwOkFnZW50UG9vbDplYjJlZmYwZi01YjUxLTRlNWQtOWEzOC02ZjQwODQ2MWUwOWU",
        "accountName":  "m8r1us",
        "accountUri":  "https://vssps.dev.azure.com:443/m8r1us/",
        "accountId":  "ae4e9438-419a-41c3-9b49-4dd575efd480",
        "tenant":  "AgentPool",
        "origin":  "vsts",
        "originId":  "faaaab1a-d847-4e96-a3db-9b1faacb06cc"
    },
    {
        "subjectKind":  "user",
        "directoryAlias":  "marius_elmigers.ch#EXT#",
        "principalName":  "marius@elmigers.ch",
        "mailAddress":  "marius@elmigers.ch",
        "displayName":  "marius@elmigers.ch",
        "descriptor":  "aad.MGM5NjNhNWQtOWUwZC03OTc2LTg3OTAtYTcxODI1ZjQ1ZjBk",
        "accountName":  "m8r1us",
        "accountUri":  "https://vssps.dev.azure.com:443/m8r1us/",
        "accountId":  "ae4e9438-419a-41c3-9b49-4dd575efd480",
        "tenant":  "d2fa7646-d9d8-44c9-90e9-f26e0e5e20ec",
        "origin":  "aad",
        "originId":  "8f5021d4-5a7f-4522-829e-48304b5221e1"
    },
    {
        "subjectKind":  "user",
        "directoryAlias":  null,
        "principalName":  "85ef52a3-5991-4c28-a21b-04908ba2539b",
        "mailAddress":  "",
        "displayName":  "Documentation Build Service (m8r1us)",
        "descriptor":  "svc.N2MwOWMwZTYtM2ZhOS00MGZkLTk1N2QtY2NjMGYzMzViNjRiOkJ1aWxkOjg1ZWY1MmEzLTU5OTEtNGMyOC1hMjFiLTA0OTA4YmEyNTM5Yg",
        "accountName":  "m8r1us",
        "accountUri":  "https://vssps.dev.azure.com:443/m8r1us/",
        "accountId":  "ae4e9438-419a-41c3-9b49-4dd575efd480",
        "tenant":  "Build",
        "origin":  "vsts",
        "originId":  "eb9facdd-1216-433d-b36b-d4ce76b1b997"
    },
    {
        "subjectKind":  "user",
        "directoryAlias":  null,
        "principalName":  "b7ddaa22-e7d8-4572-a26e-12e03adc821c",
        "mailAddress":  "",
        "displayName":  "Db7ddaa22-e7d8-4572-a26e-12e03adc821c Build Service (m8r1us)",
        "descriptor":  "svc.N2MwOWMwZTYtM2ZhOS00MGZkLTk1N2QtY2NjMGYzMzViNjRiOkJ1aWxkOmI3ZGRhYTIyLWU3ZDgtNDU3Mi1hMjZlLTEyZTAzYWRjODIxYw",
        "accountName":  "m8r1us",
        "accountUri":  "https://vssps.dev.azure.com:443/m8r1us/",
        "accountId":  "ae4e9438-419a-41c3-9b49-4dd575efd480",
        "tenant":  "Build",
        "origin":  "vsts",
        "originId":  "aade7566-ff21-4f7b-a5b8-da6bc5590a2e"
    },
    {
        "subjectKind":  "user",
        "directoryAlias":  null,
        "principalName":  "0651c98e-8404-4ee9-a26b-3e1e680b1310",
        "mailAddress":  "",
        "displayName":  "Agent Pool Service (6)",
        "descriptor":  "svc.YWU0ZTk0MzgtNDE5YS00MWMzLTliNDktNGRkNTc1ZWZkNDgwOkFnZW50UG9vbDowNjUxYzk4ZS04NDA0LTRlZTktYTI2Yi0zZTFlNjgwYjEzMTA",
        "accountName":  "m8r1us",
        "accountUri":  "https://vssps.dev.azure.com:443/m8r1us/",
        "accountId":  "ae4e9438-419a-41c3-9b49-4dd575efd480",
        "tenant":  "AgentPool",
        "origin":  "vsts",
        "originId":  "98c07013-3ca8-47f6-8772-e10991a4482a"
    },
    {
        "subjectKind":  "user",
        "directoryAlias":  "marius",
        "principalName":  "marius@019840.onmicrosoft.com",
        "mailAddress":  "marius@019840.onmicrosoft.com",
        "displayName":  "marius",
        "descriptor":  "aad.ZWU5YjI3NDgtOTc2Mi03YTYxLTk2YzMtN2Y1MjcwM2E5NmE2",
        "accountName":  "019840",
        "accountUri":  "https://vssps.dev.azure.com:443/019840/",
        "accountId":  "16e6885e-e388-4889-a5b3-8ba0c4c29a18",
        "tenant":  "d2fa7646-d9d8-44c9-90e9-f26e0e5e20ec",
        "origin":  "aad",
        "originId":  "42ec6526-b5e0-4ff1-bb0a-c3f1a1595d36"
    },
    {
        "subjectKind":  "user",
        "directoryAlias":  "Greg",
        "principalName":  "Greg@019840.onmicrosoft.com",
        "mailAddress":  "Greg@019840.onmicrosoft.com",
        "displayName":  "Greg",
        "descriptor":  "aad.ZTQzYWMyODYtNWYzZC03NTEyLWJhMGQtOGE2MDZhYjI2NGIw",
        "accountName":  "019840",
        "accountUri":  "https://vssps.dev.azure.com:443/019840/",
        "accountId":  "16e6885e-e388-4889-a5b3-8ba0c4c29a18",
        "tenant":  "d2fa7646-d9d8-44c9-90e9-f26e0e5e20ec",
        "origin":  "aad",
        "originId":  "5c7391de-553a-4eaf-8a8b-78e1b09bf9ea"
    },
    {
        "subjectKind":  "user",
        "directoryAlias":  null,
        "principalName":  "16e6885e-e388-4889-a5b3-8ba0c4c29a18",
        "mailAddress":  "",
        "displayName":  "Project Collection Build Service (P16e6885e-e388-4889-a5b3-8ba0c4c29a18)",
        "descriptor":  "svc.ZjhlZjEyZDMtNTU2MC00MDRkLTllMzQtNWIwNjVmMWY2ZjBiOkJ1aWxkOjE2ZTY4ODVlLWUzODgtNDg4OS1hNWIzLThiYTBjNGMyOWExOA",
        "accountName":  "019840",
        "accountUri":  "https://vssps.dev.azure.com:443/019840/",
        "accountId":  "16e6885e-e388-4889-a5b3-8ba0c4c29a18",
        "tenant":  "Build",
        "origin":  "vsts",
        "originId":  "8f6e7194-559e-45ad-a237-a617e59ca223"
    },
    {
        "subjectKind":  "user",
        "directoryAlias":  "marius_elmigers.ch#EXT#",
        "principalName":  "marius@elmigers.ch",
        "mailAddress":  "marius@elmigers.ch",
        "displayName":  "Marius Elmiger",
        "descriptor":  "aad.MGM5NjNhNWQtOWUwZC03OTc2LTg3OTAtYTcxODI1ZjQ1ZjBk",
        "accountName":  "019840",
        "accountUri":  "https://vssps.dev.azure.com:443/019840/",
        "accountId":  "16e6885e-e388-4889-a5b3-8ba0c4c29a18",
        "tenant":  "d2fa7646-d9d8-44c9-90e9-f26e0e5e20ec",
        "origin":  "aad",
        "originId":  "8f5021d4-5a7f-4522-829e-48304b5221e1"
    },
    {
        "subjectKind":  "user",
        "directoryAlias":  null,
        "principalName":  "819e975c-99a8-4fd6-8677-5d4ef9e322bd",
        "mailAddress":  "",
        "displayName":  "Agent Pool Service (9)",
        "descriptor":  "svc.MTZlNjg4NWUtZTM4OC00ODg5LWE1YjMtOGJhMGM0YzI5YTE4OkFnZW50UG9vbDo4MTllOTc1Yy05OWE4LTRmZDYtODY3Ny01ZDRlZjllMzIyYmQ",
        "accountName":  "019840",
        "accountUri":  "https://vssps.dev.azure.com:443/019840/",
        "accountId":  "16e6885e-e388-4889-a5b3-8ba0c4c29a18",
        "tenant":  "AgentPool",
        "origin":  "vsts",
        "originId":  "7f3086f6-edd1-43b2-8f0d-c0b8212a9ef8"
    },
    {
        "subjectKind":  "user",
        "directoryAlias":  "rabban",
        "principalName":  "rabban@019840.onmicrosoft.com",
        "mailAddress":  "rabban@019840.onmicrosoft.com",
        "displayName":  "Rabban Glossu",
        "descriptor":  "aad.YTcwYTMxNDgtMDZlNi03N2Y5LTkwNDQtZWUwM2Q5Njg1MjYx",
        "accountName":  "019840",
        "accountUri":  "https://vssps.dev.azure.com:443/019840/",
        "accountId":  "16e6885e-e388-4889-a5b3-8ba0c4c29a18",
        "tenant":  "d2fa7646-d9d8-44c9-90e9-f26e0e5e20ec",
        "origin":  "aad",
        "originId":  "3bffb11a-b991-4d1f-b29f-c7d0096198bd"
    },
    {
        "subjectKind":  "user",
        "directoryAlias":  null,
        "principalName":  "4b260af6-b467-46ae-bb29-f6f1c1b183c5",
        "mailAddress":  "",
        "displayName":  "Thinking-in-Graphs Build Service (019840)",
        "descriptor":  "svc.ZjhlZjEyZDMtNTU2MC00MDRkLTllMzQtNWIwNjVmMWY2ZjBiOkJ1aWxkOjRiMjYwYWY2LWI0NjctNDZhZS1iYjI5LWY2ZjFjMWIxODNjNQ",
        "accountName":  "019840",
        "accountUri":  "https://vssps.dev.azure.com:443/019840/",
        "accountId":  "16e6885e-e388-4889-a5b3-8ba0c4c29a18",
        "tenant":  "Build",
        "origin":  "vsts",
        "originId":  "c1e3227e-ebe2-40ab-87f8-f1f1359da485"
    }
	]
}
