{
	"meta": {
		"count": 2,
		"type": "azDevOpsProjects",
		"version": 4
	},
	"data": [
    {
        "organizationId":  "ae4e9438-419a-41c3-9b49-4dd575efd480",
        "projectid":  "f823665c-cd7d-428a-a456-780cb2f19e1a",
        "name":  "Thinking-in-Graphs",
        "visibility":  "private"
    },
    {
        "organizationId":  "16e6885e-e388-4889-a5b3-8ba0c4c29a18",
        "projectid":  "4b260af6-b467-46ae-bb29-f6f1c1b183c5",
        "name":  "Thinking-in-Graphs",
        "visibility":  "private"
    }
	]
}
