{
	"meta": {
		"count": 50,
		"type": "azDevOpsGroups",
		"version": 4
	},
	"data": [
    {
        "subjectKind":  "group",
        "description":  "Members of this group have access to the team project.",
        "principalName":  "[Documentation]\\Readers",
        "displayName":  "Readers",
        "descriptor":  "vssgp.Uy0xLTktMTU1MTM3NDI0NS0yNzQwMTIxNDc3LTI0Mzg1MzkzNDAtMjcxOTY3OTYzMi0yMzQyNjcxMjU5LTEtMjU2NzM2NTgzOC0xMjQ5NDA2Nzg4LTIzODIzNzk4MDctMzc1Nzg5MzU0Nw",
        "domainId":  "85ef52a3-5991-4c28-a21b-04908ba2539b",
        "accountName":  "m8r1us",
        "accountUri":  "https://vssps.dev.azure.com:443/m8r1us/",
        "accountId":  "ae4e9438-419a-41c3-9b49-4dd575efd480",
        "originId":  "13929db2-1173-4359-a744-036ea4b9e280"
    },
    {
        "subjectKind":  "group",
        "description":  "Members of this group should include the service accounts used by the test controllers set up for this project collection.",
        "principalName":  "[m8r1us]\\Project Collection Test Service Accounts",
        "displayName":  "Project Collection Test Service Accounts",
        "descriptor":  "vssgp.Uy0xLTktMTU1MTM3NDI0NS05NDkyNDM1NjYtMjU4ODAwMTA4OS0yNjA1MjcyNTMzLTE5Nzg2NTE3NzYtMC0wLTAtNC0x",
        "domainId":  "ae4e9438-419a-41c3-9b49-4dd575efd480",
        "accountName":  "m8r1us",
        "accountUri":  "https://vssps.dev.azure.com:443/m8r1us/",
        "accountId":  "ae4e9438-419a-41c3-9b49-4dd575efd480",
        "originId":  "1fa70628-aee9-4c12-82aa-181a35bc02b2"
    },
    {
        "subjectKind":  "group",
        "description":  "Members of this group can add, modify, and delete items within the team project.",
        "principalName":  "[Documentation]\\Contributors",
        "displayName":  "Contributors",
        "descriptor":  "vssgp.Uy0xLTktMTU1MTM3NDI0NS0yNzQwMTIxNDc3LTI0Mzg1MzkzNDAtMjcxOTY3OTYzMi0yMzQyNjcxMjU5LTEtNTA0NTE3MTIyLTMwMTQxMTkwNC0yMTg2NjAyMjg5LTM1MzIwNDQ5Mzk",
        "domainId":  "85ef52a3-5991-4c28-a21b-04908ba2539b",
        "accountName":  "m8r1us",
        "accountUri":  "https://vssps.dev.azure.com:443/m8r1us/",
        "accountId":  "ae4e9438-419a-41c3-9b49-4dd575efd480",
        "originId":  "77a773a8-4b8c-4523-be5e-1ef0f16abfa8"
    },
    {
        "subjectKind":  "group",
        "description":  "The default project team.",
        "principalName":  "[Documentation]\\Documentation Team",
        "displayName":  "Documentation Team",
        "descriptor":  "vssgp.Uy0xLTktMTU1MTM3NDI0NS0yNzQwMTIxNDc3LTI0Mzg1MzkzNDAtMjcxOTY3OTYzMi0yMzQyNjcxMjU5LTEtNjg5NTIxNTYtMTA1NDA2MjQxMS0zMDQ4Njc2MTMyLTE1NzQ1NzIz",
        "domainId":  "85ef52a3-5991-4c28-a21b-04908ba2539b",
        "accountName":  "m8r1us",
        "accountUri":  "https://vssps.dev.azure.com:443/m8r1us/",
        "accountId":  "ae4e9438-419a-41c3-9b49-4dd575efd480",
        "originId":  "fb28f77d-c7b6-4036-870e-3593c9124b40"
    },
    {
        "subjectKind":  "group",
        "description":  "Members of this group should include accounts for people who should be able to manage all the service connections.",
        "principalName":  "[Thinking-in-Graphs]\\Endpoint Administrators",
        "displayName":  "Endpoint Administrators",
        "descriptor":  "vssgp.Uy0xLTktMTU1MTM3NDI0NS05NDc4MzczMi0xNDAzMTg3NzkxLTI3MDM1MzY3NDItMjczNDg2NjA0Mi0wLTAtMC04LTg",
        "domainId":  "f823665c-cd7d-428a-a456-780cb2f19e1a",
        "accountName":  "m8r1us",
        "accountUri":  "https://vssps.dev.azure.com:443/m8r1us/",
        "accountId":  "ae4e9438-419a-41c3-9b49-4dd575efd480",
        "originId":  "32dbee06-79d0-41f8-a912-3617db163a79"
    },
    {
        "subjectKind":  "group",
        "description":  "Members of this group should include accounts for people who can create service connections.",
        "principalName":  "[Documentation]\\Endpoint Creators",
        "displayName":  "Endpoint Creators",
        "descriptor":  "vssgp.Uy0xLTktMTU1MTM3NDI0NS0zMTI3MjkyNDI2LTE3MDAzMTEzNjgtMjIwMTQ4Mzk5MS0xNTYwNzc2NjE0LTAtMC0wLTgtOQ",
        "domainId":  "85ef52a3-5991-4c28-a21b-04908ba2539b",
        "accountName":  "m8r1us",
        "accountUri":  "https://vssps.dev.azure.com:443/m8r1us/",
        "accountId":  "ae4e9438-419a-41c3-9b49-4dd575efd480",
        "originId":  "03ddfd40-1d86-4852-ab8d-48fe01707671"
    },
    {
        "subjectKind":  "group",
        "description":  "Members of this group should include accounts for people who should be able to manage all the service connections.",
        "principalName":  "[Documentation]\\Endpoint Administrators",
        "displayName":  "Endpoint Administrators",
        "descriptor":  "vssgp.Uy0xLTktMTU1MTM3NDI0NS0zMTI3MjkyNDI2LTE3MDAzMTEzNjgtMjIwMTQ4Mzk5MS0xNTYwNzc2NjE0LTAtMC0wLTgtOA",
        "domainId":  "85ef52a3-5991-4c28-a21b-04908ba2539b",
        "accountName":  "m8r1us",
        "accountUri":  "https://vssps.dev.azure.com:443/m8r1us/",
        "accountId":  "ae4e9438-419a-41c3-9b49-4dd575efd480",
        "originId":  "c05f68ba-4c76-4d60-926f-5051a468a05e"
    },
    {
        "subjectKind":  "group",
        "description":  "Members of this group have been invited to this enterprise.",
        "principalName":  "[TEAM FOUNDATION]\\Enterprise Invited Users",
        "displayName":  "Enterprise Invited Users",
        "descriptor":  "vssgp.Uy0xLTktMTU1MTM3NDI0NS0zODcxMzQ1MDIwLTI4Mzk1NDMxMDQtMjUwODA0OTYwMC00MDgwMzgzNTYzLTAtMC0wLTAtNDA5Ng",
        "domainId":  "7c09c0e6-3fa9-40fd-957d-ccc0f335b64b",
        "accountName":  "m8r1us",
        "accountUri":  "https://vssps.dev.azure.com:443/m8r1us/",
        "accountId":  "ae4e9438-419a-41c3-9b49-4dd575efd480",
        "originId":  "0490a95f-e58b-4a55-a8f3-51061c927049"
    },
    {
        "subjectKind":  "group",
        "description":  "Members of this application group can perform all privileged operations on the Team Project Collection.",
        "principalName":  "[m8r1us]\\Project Collection Administrators",
        "displayName":  "Project Collection Administrators",
        "descriptor":  "vssgp.Uy0xLTktMTU1MTM3NDI0NS05NDkyNDM1NjYtMjU4ODAwMTA4OS0yNjA1MjcyNTMzLTE5Nzg2NTE3NzYtMC0wLTAtMC0x",
        "domainId":  "ae4e9438-419a-41c3-9b49-4dd575efd480",
        "accountName":  "m8r1us",
        "accountUri":  "https://vssps.dev.azure.com:443/m8r1us/",
        "accountId":  "ae4e9438-419a-41c3-9b49-4dd575efd480",
        "originId":  "21d1e6c9-4a70-42b4-aef8-52216a2e624b"
    },
    {
        "subjectKind":  "group",
        "description":  "Members of this group have access to the team project.",
        "principalName":  "[Documentation]\\Project Valid Users",
        "displayName":  "Project Valid Users",
        "descriptor":  "vssgp.Uy0xLTktMTU1MTM3NDI0NS0zMTI3MjkyNDI2LTE3MDAzMTEzNjgtMjIwMTQ4Mzk5MS0xNTYwNzc2NjE0LTAtMC0wLTAtMw",
        "domainId":  "85ef52a3-5991-4c28-a21b-04908ba2539b",
        "accountName":  "m8r1us",
        "accountUri":  "https://vssps.dev.azure.com:443/m8r1us/",
        "accountId":  "ae4e9438-419a-41c3-9b49-4dd575efd480",
        "originId":  "9c6f68d9-4bd1-4eb6-810f-58a700e85155"
    },
    {
        "subjectKind":  "group",
        "description":  "This application group contains Team Project Collection service accounts.",
        "principalName":  "[m8r1us]\\Project Collection Service Accounts",
        "displayName":  "Project Collection Service Accounts",
        "descriptor":  "vssgp.Uy0xLTktMTU1MTM3NDI0NS05NDkyNDM1NjYtMjU4ODAwMTA4OS0yNjA1MjcyNTMzLTE5Nzg2NTE3NzYtMC0wLTAtMC0y",
        "domainId":  "ae4e9438-419a-41c3-9b49-4dd575efd480",
        "accountName":  "m8r1us",
        "accountUri":  "https://vssps.dev.azure.com:443/m8r1us/",
        "accountId":  "ae4e9438-419a-41c3-9b49-4dd575efd480",
        "originId":  "81e163a2-76c2-4d5d-bfae-62434fadcd23"
    },
    {
        "subjectKind":  "group",
        "description":  "Members of this group can create, modify and delete build definitions and manage queued and completed builds.",
        "principalName":  "[Thinking-in-Graphs]\\Build Administrators",
        "displayName":  "Build Administrators",
        "descriptor":  "vssgp.Uy0xLTktMTU1MTM3NDI0NS05NDc4MzczMi0xNDAzMTg3NzkxLTI3MDM1MzY3NDItMjczNDg2NjA0Mi0wLTAtMC0xLTI",
        "domainId":  "f823665c-cd7d-428a-a456-780cb2f19e1a",
        "accountName":  "m8r1us",
        "accountUri":  "https://vssps.dev.azure.com:443/m8r1us/",
        "accountId":  "ae4e9438-419a-41c3-9b49-4dd575efd480",
        "originId":  "15d4b9c8-c4c6-4a56-8b06-632eeeb0050b"
    },
    {
        "subjectKind":  "group",
        "description":  "Members of this group can create, modify and delete build definitions and manage queued and completed builds.",
        "principalName":  "[Documentation]\\Build Administrators",
        "displayName":  "Build Administrators",
        "descriptor":  "vssgp.Uy0xLTktMTU1MTM3NDI0NS0yNzQwMTIxNDc3LTI0Mzg1MzkzNDAtMjcxOTY3OTYzMi0yMzQyNjcxMjU5LTEtMTE2MjYzMjM2My0yOTU2OTM0MjA5LTIzMTQ3ODkxMzQtMTYwODk4NjU3Nw",
        "domainId":  "85ef52a3-5991-4c28-a21b-04908ba2539b",
        "accountName":  "m8r1us",
        "accountUri":  "https://vssps.dev.azure.com:443/m8r1us/",
        "accountId":  "ae4e9438-419a-41c3-9b49-4dd575efd480",
        "originId":  "9ff1d6fc-e4aa-4c13-ab46-6424bf287116"
    },
    {
        "subjectKind":  "group",
        "description":  "Members of this group can perform all operations on Release Management",
        "principalName":  "[Thinking-in-Graphs]\\Release Administrators",
        "displayName":  "Release Administrators",
        "descriptor":  "vssgp.Uy0xLTktMTU1MTM3NDI0NS0xNTUwMTk3NzUyLTIxMTA2MjIyNzQtMjc1NzEzMDI1Mi0zMDAyMTc5MDk4LTEtNDAzMjA1NTI3Ny0yNDM3NDM4NTQyLTIzMjIzODg3MDMtMzI0OTAxMTIwMQ",
        "domainId":  "f823665c-cd7d-428a-a456-780cb2f19e1a",
        "accountName":  "m8r1us",
        "accountUri":  "https://vssps.dev.azure.com:443/m8r1us/",
        "accountId":  "ae4e9438-419a-41c3-9b49-4dd575efd480",
        "originId":  "ad71ac95-205a-44ca-9216-6a6a0c2fb8d6"
    },
    {
        "subjectKind":  "group",
        "description":  "Members of this group should include accounts for people who should be able to administer the build resources.",
        "principalName":  "[m8r1us]\\Project Collection Build Administrators",
        "displayName":  "Project Collection Build Administrators",
        "descriptor":  "vssgp.Uy0xLTktMTU1MTM3NDI0NS05NDkyNDM1NjYtMjU4ODAwMTA4OS0yNjA1MjcyNTMzLTE5Nzg2NTE3NzYtMC0wLTAtMS0y",
        "domainId":  "ae4e9438-419a-41c3-9b49-4dd575efd480",
        "accountName":  "m8r1us",
        "accountUri":  "https://vssps.dev.azure.com:443/m8r1us/",
        "accountId":  "ae4e9438-419a-41c3-9b49-4dd575efd480",
        "originId":  "e1901057-e0c7-4cff-90b6-6a9b6d8a2588"
    },
    {
        "subjectKind":  "group",
        "description":  "Members of this group have access to the team project.",
        "principalName":  "[Thinking-in-Graphs]\\Project Valid Users",
        "displayName":  "Project Valid Users",
        "descriptor":  "vssgp.Uy0xLTktMTU1MTM3NDI0NS05NDc4MzczMi0xNDAzMTg3NzkxLTI3MDM1MzY3NDItMjczNDg2NjA0Mi0wLTAtMC0wLTM",
        "domainId":  "f823665c-cd7d-428a-a456-780cb2f19e1a",
        "accountName":  "m8r1us",
        "accountUri":  "https://vssps.dev.azure.com:443/m8r1us/",
        "accountId":  "ae4e9438-419a-41c3-9b49-4dd575efd480",
        "originId":  "cd54bed2-947f-40d5-8c8e-6ebee4fbb61d"
    },
    {
        "subjectKind":  "group",
        "description":  "This application group contains all users and groups that have access to the Team Project Collection.",
        "principalName":  "[m8r1us]\\Project Collection Valid Users",
        "displayName":  "Project Collection Valid Users",
        "descriptor":  "vssgp.Uy0xLTktMTU1MTM3NDI0NS05NDkyNDM1NjYtMjU4ODAwMTA4OS0yNjA1MjcyNTMzLTE5Nzg2NTE3NzYtMC0wLTAtMC0z",
        "domainId":  "ae4e9438-419a-41c3-9b49-4dd575efd480",
        "accountName":  "m8r1us",
        "accountUri":  "https://vssps.dev.azure.com:443/m8r1us/",
        "accountId":  "ae4e9438-419a-41c3-9b49-4dd575efd480",
        "originId":  "84e83ab7-437f-4e3b-a45a-716806860c3b"
    },
    {
        "subjectKind":  "group",
        "description":  "Members of this group can perform all operations in the team project.",
        "principalName":  "[Documentation]\\Project Administrators",
        "displayName":  "Project Administrators",
        "descriptor":  "vssgp.Uy0xLTktMTU1MTM3NDI0NS0zMTI3MjkyNDI2LTE3MDAzMTEzNjgtMjIwMTQ4Mzk5MS0xNTYwNzc2NjE0LTAtMC0wLTAtMQ",
        "domainId":  "85ef52a3-5991-4c28-a21b-04908ba2539b",
        "accountName":  "m8r1us",
        "accountUri":  "https://vssps.dev.azure.com:443/m8r1us/",
        "accountId":  "ae4e9438-419a-41c3-9b49-4dd575efd480",
        "originId":  "dec24bfa-abf5-4e1c-912f-78cd6561b75b"
    },
    {
        "subjectKind":  "group",
        "description":  "The default project team.",
        "principalName":  "[Thinking-in-Graphs]\\Thinking-in-Graphs Team",
        "displayName":  "Thinking-in-Graphs Team",
        "descriptor":  "vssgp.Uy0xLTktMTU1MTM3NDI0NS0xNTUwMTk3NzUyLTIxMTA2MjIyNzQtMjc1NzEzMDI1Mi0zMDAyMTc5MDk4LTEtMTgwMDkwMjYxNS0zNzQxNjA3MjM0LTI5NzYxODUwNjYtMjA0OTE4Njc3Mw",
        "domainId":  "f823665c-cd7d-428a-a456-780cb2f19e1a",
        "accountName":  "m8r1us",
        "accountUri":  "https://vssps.dev.azure.com:443/m8r1us/",
        "accountId":  "ae4e9438-419a-41c3-9b49-4dd575efd480",
        "originId":  "3c97ccc5-645c-475b-8866-80ef4a2016a8"
    },
    {
        "subjectKind":  "group",
        "description":  "Members of this group have service-level permissions in this enterprise. For service accounts only.",
        "principalName":  "[TEAM FOUNDATION]\\Enterprise Service Accounts",
        "displayName":  "Enterprise Service Accounts",
        "descriptor":  "vssgp.Uy0xLTktMTU1MTM3NDI0NS0zODcxMzQ1MDIwLTI4Mzk1NDMxMDQtMjUwODA0OTYwMC00MDgwMzgzNTYzLTAtMC0wLTAtMg",
        "domainId":  "7c09c0e6-3fa9-40fd-957d-ccc0f335b64b",
        "accountName":  "m8r1us",
        "accountUri":  "https://vssps.dev.azure.com:443/m8r1us/",
        "accountId":  "ae4e9438-419a-41c3-9b49-4dd575efd480",
        "originId":  "0ae9fb8e-80ae-4c9b-8862-971ed8e1b2a5"
    },
    {
        "subjectKind":  "group",
        "description":  "Members of this group have access to the team project.",
        "principalName":  "[Thinking-in-Graphs]\\Readers",
        "displayName":  "Readers",
        "descriptor":  "vssgp.Uy0xLTktMTU1MTM3NDI0NS0xNTUwMTk3NzUyLTIxMTA2MjIyNzQtMjc1NzEzMDI1Mi0zMDAyMTc5MDk4LTEtMzg5ODU2OTcxMS0yNTM4OTIzMzM0LTI2MTQ4MzkxMjMtMjg3NDk1NjM5Mg",
        "domainId":  "f823665c-cd7d-428a-a456-780cb2f19e1a",
        "accountName":  "m8r1us",
        "accountUri":  "https://vssps.dev.azure.com:443/m8r1us/",
        "accountId":  "ae4e9438-419a-41c3-9b49-4dd575efd480",
        "originId":  "45c072d1-9eeb-4d94-9d66-99e4689b7318"
    },
    {
        "subjectKind":  "group",
        "description":  "Members of this group should include the service accounts used by the build services set up for this project collection.",
        "principalName":  "[m8r1us]\\Project Collection Build Service Accounts",
        "displayName":  "Project Collection Build Service Accounts",
        "descriptor":  "vssgp.Uy0xLTktMTU1MTM3NDI0NS05NDkyNDM1NjYtMjU4ODAwMTA4OS0yNjA1MjcyNTMzLTE5Nzg2NTE3NzYtMC0wLTAtMS0x",
        "domainId":  "ae4e9438-419a-41c3-9b49-4dd575efd480",
        "accountName":  "m8r1us",
        "accountUri":  "https://vssps.dev.azure.com:443/m8r1us/",
        "accountId":  "ae4e9438-419a-41c3-9b49-4dd575efd480",
        "originId":  "7b41eed4-8072-48d2-8277-9e8b8313f742"
    },
    {
        "subjectKind":  "group",
        "description":  "Members of this group will have limited visibility to  organization-level data",
        "principalName":  "[m8r1us]\\Project-Scoped Users",
        "displayName":  "Project-Scoped Users",
        "descriptor":  "vssgp.Uy0xLTktMTU1MTM3NDI0NS05NDkyNDM1NjYtMjU4ODAwMTA4OS0yNjA1MjcyNTMzLTE5Nzg2NTE3NzYtMC0wLTAtMC0xNA",
        "domainId":  "ae4e9438-419a-41c3-9b49-4dd575efd480",
        "accountName":  "m8r1us",
        "accountUri":  "https://vssps.dev.azure.com:443/m8r1us/",
        "accountId":  "ae4e9438-419a-41c3-9b49-4dd575efd480",
        "originId":  "4a016f82-8814-4180-8c09-9ef61ab2bcc5"
    },
    {
        "subjectKind":  "group",
        "description":  "This group should only include service accounts used by proxies set up for this team project collection.",
        "principalName":  "[m8r1us]\\Project Collection Proxy Service Accounts",
        "displayName":  "Project Collection Proxy Service Accounts",
        "descriptor":  "vssgp.Uy0xLTktMTU1MTM3NDI0NS05NDkyNDM1NjYtMjU4ODAwMTA4OS0yNjA1MjcyNTMzLTE5Nzg2NTE3NzYtMC0wLTAtNS0x",
        "domainId":  "ae4e9438-419a-41c3-9b49-4dd575efd480",
        "accountName":  "m8r1us",
        "accountUri":  "https://vssps.dev.azure.com:443/m8r1us/",
        "accountId":  "ae4e9438-419a-41c3-9b49-4dd575efd480",
        "originId":  "678aa4e4-b3ed-4ba6-81f8-a0a33db22db5"
    },
    {
        "subjectKind":  "group",
        "description":  "Members of this group can perform all operations in the team project.",
        "principalName":  "[Thinking-in-Graphs]\\Project Administrators",
        "displayName":  "Project Administrators",
        "descriptor":  "vssgp.Uy0xLTktMTU1MTM3NDI0NS05NDc4MzczMi0xNDAzMTg3NzkxLTI3MDM1MzY3NDItMjczNDg2NjA0Mi0wLTAtMC0wLTE",
        "domainId":  "f823665c-cd7d-428a-a456-780cb2f19e1a",
        "accountName":  "m8r1us",
        "accountUri":  "https://vssps.dev.azure.com:443/m8r1us/",
        "accountId":  "ae4e9438-419a-41c3-9b49-4dd575efd480",
        "originId":  "b4a12993-86c4-4040-93af-a8a797bbd2cb"
    },
    {
        "subjectKind":  "group",
        "description":  "Members of this group should include accounts for people who can create service connections.",
        "principalName":  "[Thinking-in-Graphs]\\Endpoint Creators",
        "displayName":  "Endpoint Creators",
        "descriptor":  "vssgp.Uy0xLTktMTU1MTM3NDI0NS05NDc4MzczMi0xNDAzMTg3NzkxLTI3MDM1MzY3NDItMjczNDg2NjA0Mi0wLTAtMC04LTk",
        "domainId":  "f823665c-cd7d-428a-a456-780cb2f19e1a",
        "accountName":  "m8r1us",
        "accountUri":  "https://vssps.dev.azure.com:443/m8r1us/",
        "accountId":  "ae4e9438-419a-41c3-9b49-4dd575efd480",
        "originId":  "c1155d29-7b43-4b22-bc2c-bd9ff9411aad"
    },
    {
        "subjectKind":  "group",
        "description":  "Members of this group can add, modify, and delete items within the team project.",
        "principalName":  "[Thinking-in-Graphs]\\Contributors",
        "displayName":  "Contributors",
        "descriptor":  "vssgp.Uy0xLTktMTU1MTM3NDI0NS0xNTUwMTk3NzUyLTIxMTA2MjIyNzQtMjc1NzEzMDI1Mi0zMDAyMTc5MDk4LTEtNDAwNjc5NDgyMC0xMDY1Njc2MzUyLTMwNTM5MTgxMjAtMjUzODkzNjEyNg",
        "domainId":  "f823665c-cd7d-428a-a456-780cb2f19e1a",
        "accountName":  "m8r1us",
        "accountUri":  "https://vssps.dev.azure.com:443/m8r1us/",
        "accountId":  "ae4e9438-419a-41c3-9b49-4dd575efd480",
        "originId":  "9b28c3a4-033f-461f-a051-e847c29632ac"
    },
    {
        "subjectKind":  "group",
        "description":  "Identities which are granted explicit permission to a resource will be automatically added to this group if they were not previously a member of any other group.",
        "principalName":  "[m8r1us]\\Security Service Group",
        "displayName":  "Security Service Group",
        "descriptor":  "vssgp.Uy0xLTktMTU1MTM3NDI0NS05NDkyNDM1NjYtMjU4ODAwMTA4OS0yNjA1MjcyNTMzLTE5Nzg2NTE3NzYtMC0wLTAtMC01",
        "domainId":  "ae4e9438-419a-41c3-9b49-4dd575efd480",
        "accountName":  "m8r1us",
        "accountUri":  "https://vssps.dev.azure.com:443/m8r1us/",
        "accountId":  "ae4e9438-419a-41c3-9b49-4dd575efd480",
        "originId":  "b6976bf3-22ca-4142-a323-e87a1ffdc8fc"
    },
    {
        "subjectKind":  "group",
        "description":  "Members of this group have access to the team project.",
        "principalName":  "[Thinking-in-Graphs]\\Project Valid Users",
        "displayName":  "Project Valid Users",
        "descriptor":  "vssgp.Uy0xLTktMTU1MTM3NDI0NS0xMDk4MTQ1NzAxLTE2OTg1MzU3NTktMjczMTM2NTg5NC0xOTQ4MTA2NDE0LTAtMC0wLTAtMw",
        "domainId":  "4b260af6-b467-46ae-bb29-f6f1c1b183c5",
        "accountName":  "019840",
        "accountUri":  "https://vssps.dev.azure.com:443/019840/",
        "accountId":  "16e6885e-e388-4889-a5b3-8ba0c4c29a18",
        "originId":  "a7eafee0-5151-4f12-82c3-04ba4fe19841"
    },
    {
        "subjectKind":  "group",
        "description":  "Identities which are granted explicit permission to a resource will be automatically added to this group if they were not previously a member of any other group.",
        "principalName":  "[019840]\\Security Service Group",
        "displayName":  "Security Service Group",
        "descriptor":  "vssgp.Uy0xLTktMTU1MTM3NDI0NS0xNTg2MDMwMTAyLTIyOTY2MTMxOTItMjc4MDAwNzMyOC0zMzAxMDg3NzY4LTAtMC0wLTAtNQ",
        "domainId":  "16e6885e-e388-4889-a5b3-8ba0c4c29a18",
        "accountName":  "019840",
        "accountUri":  "https://vssps.dev.azure.com:443/019840/",
        "accountId":  "16e6885e-e388-4889-a5b3-8ba0c4c29a18",
        "originId":  "1a9b81a0-41e5-46fa-beb8-0a2248ad71f9"
    },
    {
        "subjectKind":  "group",
        "description":  "Members of this group should include accounts for people who should be able to administer the build resources.",
        "principalName":  "[019840]\\Project Collection Build Administrators",
        "displayName":  "Project Collection Build Administrators",
        "descriptor":  "vssgp.Uy0xLTktMTU1MTM3NDI0NS0xNTg2MDMwMTAyLTIyOTY2MTMxOTItMjc4MDAwNzMyOC0zMzAxMDg3NzY4LTAtMC0wLTEtMg",
        "domainId":  "16e6885e-e388-4889-a5b3-8ba0c4c29a18",
        "accountName":  "019840",
        "accountUri":  "https://vssps.dev.azure.com:443/019840/",
        "accountId":  "16e6885e-e388-4889-a5b3-8ba0c4c29a18",
        "originId":  "021a3177-45cc-4fb7-b70c-0a41a467d1da"
    },
    {
        "subjectKind":  "group",
        "description":  "The default project team.",
        "principalName":  "[Thinking-in-Graphs]\\Thinking-in-Graphs Team",
        "displayName":  "Thinking-in-Graphs Team",
        "descriptor":  "vssgp.Uy0xLTktMTU1MTM3NDI0NS00MTI3ODYwMjk5LTE3Mzk4OTQzNDItMzE0MDA4OTU4NS0zMjQ5NjM2MjkzLTEtMTg3NTI1MzI3Ny05OTg5ODUwMzUtMjUxOTYxOTI2NS0zMzMyNjkxMDU5",
        "domainId":  "4b260af6-b467-46ae-bb29-f6f1c1b183c5",
        "accountName":  "019840",
        "accountUri":  "https://vssps.dev.azure.com:443/019840/",
        "accountId":  "16e6885e-e388-4889-a5b3-8ba0c4c29a18",
        "originId":  "a556b0b4-b90d-4c20-9c70-410505632333"
    },
    {
        "subjectKind":  "group",
        "description":  "Members of this group should include the service accounts used by the build services set up for this project collection.",
        "principalName":  "[019840]\\Project Collection Build Service Accounts",
        "displayName":  "Project Collection Build Service Accounts",
        "descriptor":  "vssgp.Uy0xLTktMTU1MTM3NDI0NS0xNTg2MDMwMTAyLTIyOTY2MTMxOTItMjc4MDAwNzMyOC0zMzAxMDg3NzY4LTAtMC0wLTEtMQ",
        "domainId":  "16e6885e-e388-4889-a5b3-8ba0c4c29a18",
        "accountName":  "019840",
        "accountUri":  "https://vssps.dev.azure.com:443/019840/",
        "accountId":  "16e6885e-e388-4889-a5b3-8ba0c4c29a18",
        "originId":  "8e480cef-f171-4eda-a4f6-500fc556b58b"
    },
    {
        "subjectKind":  "group",
        "description":  "",
        "principalName":  "[TEAM FOUNDATION]\\DevOpsRole-Project Collection Administrators",
        "displayName":  "DevOpsRole-Project Collection Administrators",
        "descriptor":  "aadgp.Uy0xLTktMTU1MTM3NDI0NS0xMjA0NDAwOTY5LTI0MDI5ODY0MTMtMjE3OTQwODYxNi0zLTEwMTY5NjE3MjktMzI2ODExOTM2Ni0yODE5MTcwNjE1LTQxMTM2NTA4NTg",
        "domainId":  "f8ef12d3-5560-404d-9e34-5b065f1f6f0b",
        "accountName":  "019840",
        "accountUri":  "https://vssps.dev.azure.com:443/019840/",
        "accountId":  "16e6885e-e388-4889-a5b3-8ba0c4c29a18",
        "originId":  "c19a9d3c-cbc2-468b-a809-2137f53154aa"
    },
    {
        "subjectKind":  "group",
        "description":  "Members of this application group can perform all privileged operations on the Team Project Collection.",
        "principalName":  "[019840]\\Project Collection Administrators",
        "displayName":  "Project Collection Administrators",
        "descriptor":  "vssgp.Uy0xLTktMTU1MTM3NDI0NS0xNTg2MDMwMTAyLTIyOTY2MTMxOTItMjc4MDAwNzMyOC0zMzAxMDg3NzY4LTAtMC0wLTAtMQ",
        "domainId":  "16e6885e-e388-4889-a5b3-8ba0c4c29a18",
        "accountName":  "019840",
        "accountUri":  "https://vssps.dev.azure.com:443/019840/",
        "accountId":  "16e6885e-e388-4889-a5b3-8ba0c4c29a18",
        "originId":  "4990d38f-d694-479c-98af-64948ebc709c"
    },
    {
        "subjectKind":  "group",
        "description":  "Members of this group have been invited to this enterprise.",
        "principalName":  "[TEAM FOUNDATION]\\Enterprise Invited Users",
        "displayName":  "Enterprise Invited Users",
        "descriptor":  "vssgp.Uy0xLTktMTU1MTM3NDI0NS0zNTQxMjMzNjU2LTE2MTYyMDMwNzItMjY1NDIzMTMwMi0xNTk1ODk1NTYzLTAtMC0wLTAtNDA5Ng",
        "domainId":  "f8ef12d3-5560-404d-9e34-5b065f1f6f0b",
        "accountName":  "019840",
        "accountUri":  "https://vssps.dev.azure.com:443/019840/",
        "accountId":  "16e6885e-e388-4889-a5b3-8ba0c4c29a18",
        "originId":  "82d1adee-2dee-4afc-a6e9-717c591e5d9f"
    },
    {
        "subjectKind":  "group",
        "description":  "Members of this group will have limited visibility to  organization-level data",
        "principalName":  "[019840]\\Project-Scoped Users",
        "displayName":  "Project-Scoped Users",
        "descriptor":  "vssgp.Uy0xLTktMTU1MTM3NDI0NS0xNTg2MDMwMTAyLTIyOTY2MTMxOTItMjc4MDAwNzMyOC0zMzAxMDg3NzY4LTAtMC0wLTAtMTQ",
        "domainId":  "16e6885e-e388-4889-a5b3-8ba0c4c29a18",
        "accountName":  "019840",
        "accountUri":  "https://vssps.dev.azure.com:443/019840/",
        "accountId":  "16e6885e-e388-4889-a5b3-8ba0c4c29a18",
        "originId":  "6272ff67-4146-4607-b94e-7e4161bf98b1"
    },
    {
        "subjectKind":  "group",
        "description":  "Members of this group can perform all operations on Release Management",
        "principalName":  "[Thinking-in-Graphs]\\Release Administrators",
        "displayName":  "Release Administrators",
        "descriptor":  "vssgp.Uy0xLTktMTU1MTM3NDI0NS00MTI3ODYwMjk5LTE3Mzk4OTQzNDItMzE0MDA4OTU4NS0zMjQ5NjM2MjkzLTEtMTU4Mjg4MTc4Ny0yMDMwMDAyNzYzLTI0NDY2NjM1ODEtMzcxMzM4MTQ0OQ",
        "domainId":  "4b260af6-b467-46ae-bb29-f6f1c1b183c5",
        "accountName":  "019840",
        "accountUri":  "https://vssps.dev.azure.com:443/019840/",
        "accountId":  "16e6885e-e388-4889-a5b3-8ba0c4c29a18",
        "originId":  "644c5e8d-f3bc-4a08-80a0-96b8962dadd3"
    },
    {
        "subjectKind":  "group",
        "description":  "This group should only include service accounts used by proxies set up for this team project collection.",
        "principalName":  "[019840]\\Project Collection Proxy Service Accounts",
        "displayName":  "Project Collection Proxy Service Accounts",
        "descriptor":  "vssgp.Uy0xLTktMTU1MTM3NDI0NS0xNTg2MDMwMTAyLTIyOTY2MTMxOTItMjc4MDAwNzMyOC0zMzAxMDg3NzY4LTAtMC0wLTUtMQ",
        "domainId":  "16e6885e-e388-4889-a5b3-8ba0c4c29a18",
        "accountName":  "019840",
        "accountUri":  "https://vssps.dev.azure.com:443/019840/",
        "accountId":  "16e6885e-e388-4889-a5b3-8ba0c4c29a18",
        "originId":  "2b9139d5-afed-4f8b-a45d-a9e4070f4d16"
    },
    {
        "subjectKind":  "group",
        "description":  "Members of this group have service-level permissions in this enterprise. For service accounts only.",
        "principalName":  "[TEAM FOUNDATION]\\Enterprise Service Accounts",
        "displayName":  "Enterprise Service Accounts",
        "descriptor":  "vssgp.Uy0xLTktMTU1MTM3NDI0NS0zNTQxMjMzNjU2LTE2MTYyMDMwNzItMjY1NDIzMTMwMi0xNTk1ODk1NTYzLTAtMC0wLTAtMg",
        "domainId":  "f8ef12d3-5560-404d-9e34-5b065f1f6f0b",
        "accountName":  "019840",
        "accountUri":  "https://vssps.dev.azure.com:443/019840/",
        "accountId":  "16e6885e-e388-4889-a5b3-8ba0c4c29a18",
        "originId":  "06c93e36-2d69-402d-a6b4-acf02c1f13d2"
    },
    {
        "subjectKind":  "group",
        "description":  "Members of this group should include the service accounts used by the test controllers set up for this project collection.",
        "principalName":  "[019840]\\Project Collection Test Service Accounts",
        "displayName":  "Project Collection Test Service Accounts",
        "descriptor":  "vssgp.Uy0xLTktMTU1MTM3NDI0NS0xNTg2MDMwMTAyLTIyOTY2MTMxOTItMjc4MDAwNzMyOC0zMzAxMDg3NzY4LTAtMC0wLTQtMQ",
        "domainId":  "16e6885e-e388-4889-a5b3-8ba0c4c29a18",
        "accountName":  "019840",
        "accountUri":  "https://vssps.dev.azure.com:443/019840/",
        "accountId":  "16e6885e-e388-4889-a5b3-8ba0c4c29a18",
        "originId":  "6dbef272-42a4-4343-87e9-b2270b66f670"
    },
    {
        "subjectKind":  "group",
        "description":  "Members of this group can add, modify, and delete items within the team project.",
        "principalName":  "[Thinking-in-Graphs]\\Contributors",
        "displayName":  "Contributors",
        "descriptor":  "vssgp.Uy0xLTktMTU1MTM3NDI0NS00MTI3ODYwMjk5LTE3Mzk4OTQzNDItMzE0MDA4OTU4NS0zMjQ5NjM2MjkzLTEtMjY3MzQ2OTM0OC0zNjA5MjA2ODUyLTIzODQ1MDMwNTMtMzQ3NTM5NzkwNg",
        "domainId":  "4b260af6-b467-46ae-bb29-f6f1c1b183c5",
        "accountName":  "019840",
        "accountUri":  "https://vssps.dev.azure.com:443/019840/",
        "accountId":  "16e6885e-e388-4889-a5b3-8ba0c4c29a18",
        "originId":  "bf091b11-d675-46f4-829a-b269ca259078"
    },
    {
        "subjectKind":  "group",
        "description":  "",
        "principalName":  "[TEAM FOUNDATION]\\DevOpsRole-Build Administrators",
        "displayName":  "DevOpsRole-Build Administrators",
        "descriptor":  "aadgp.Uy0xLTktMTU1MTM3NDI0NS0xMjA0NDAwOTY5LTI0MDI5ODY0MTMtMjE3OTQwODYxNi0zLTI1NjEyNjAyMTQtNzc4NjY4MjQtMjg5OTQwMTgwOC0xMzAwODcwMjkx",
        "domainId":  "f8ef12d3-5560-404d-9e34-5b065f1f6f0b",
        "accountName":  "019840",
        "accountUri":  "https://vssps.dev.azure.com:443/019840/",
        "accountId":  "16e6885e-e388-4889-a5b3-8ba0c4c29a18",
        "originId":  "b6baa998-a404-4827-acd1-5c504d89b493"
    },
    {
        "subjectKind":  "group",
        "description":  "This application group contains Team Project Collection service accounts.",
        "principalName":  "[019840]\\Project Collection Service Accounts",
        "displayName":  "Project Collection Service Accounts",
        "descriptor":  "vssgp.Uy0xLTktMTU1MTM3NDI0NS0xNTg2MDMwMTAyLTIyOTY2MTMxOTItMjc4MDAwNzMyOC0zMzAxMDg3NzY4LTAtMC0wLTAtMg",
        "domainId":  "16e6885e-e388-4889-a5b3-8ba0c4c29a18",
        "accountName":  "019840",
        "accountUri":  "https://vssps.dev.azure.com:443/019840/",
        "accountId":  "16e6885e-e388-4889-a5b3-8ba0c4c29a18",
        "originId":  "b3b648c5-3a79-4b20-a1be-d2155c90e3b1"
    },
    {
        "subjectKind":  "group",
        "description":  "Members of this group have access to the team project.",
        "principalName":  "[Thinking-in-Graphs]\\Readers",
        "displayName":  "Readers",
        "descriptor":  "vssgp.Uy0xLTktMTU1MTM3NDI0NS00MTI3ODYwMjk5LTE3Mzk4OTQzNDItMzE0MDA4OTU4NS0zMjQ5NjM2MjkzLTEtMzUzMjg3NjA0OC0yNzI4MjI1ODU5LTIyNDUzNzYxMTktMzUzOTE2MDg2MQ",
        "domainId":  "4b260af6-b467-46ae-bb29-f6f1c1b183c5",
        "accountName":  "019840",
        "accountUri":  "https://vssps.dev.azure.com:443/019840/",
        "accountId":  "16e6885e-e388-4889-a5b3-8ba0c4c29a18",
        "originId":  "b8c4214f-0fcb-4074-a513-d763317dab5b"
    },
    {
        "subjectKind":  "group",
        "description":  "This application group contains all users and groups that have access to the Team Project Collection.",
        "principalName":  "[019840]\\Project Collection Valid Users",
        "displayName":  "Project Collection Valid Users",
        "descriptor":  "vssgp.Uy0xLTktMTU1MTM3NDI0NS0xNTg2MDMwMTAyLTIyOTY2MTMxOTItMjc4MDAwNzMyOC0zMzAxMDg3NzY4LTAtMC0wLTAtMw",
        "domainId":  "16e6885e-e388-4889-a5b3-8ba0c4c29a18",
        "accountName":  "019840",
        "accountUri":  "https://vssps.dev.azure.com:443/019840/",
        "accountId":  "16e6885e-e388-4889-a5b3-8ba0c4c29a18",
        "originId":  "b4dd083c-13f1-488f-bb53-e43af7cc7efb"
    },
    {
        "subjectKind":  "group",
        "description":  "Members of this group can create, modify and delete build definitions and manage queued and completed builds.",
        "principalName":  "[Thinking-in-Graphs]\\Build Administrators",
        "displayName":  "Build Administrators",
        "descriptor":  "vssgp.Uy0xLTktMTU1MTM3NDI0NS0xMDk4MTQ1NzAxLTE2OTg1MzU3NTktMjczMTM2NTg5NC0xOTQ4MTA2NDE0LTAtMC0wLTEtMg",
        "domainId":  "4b260af6-b467-46ae-bb29-f6f1c1b183c5",
        "accountName":  "019840",
        "accountUri":  "https://vssps.dev.azure.com:443/019840/",
        "accountId":  "16e6885e-e388-4889-a5b3-8ba0c4c29a18",
        "originId":  "b5b45970-e396-454f-99b3-e87d6cb96962"
    },
    {
        "subjectKind":  "group",
        "description":  "Members of this group can perform all operations in the team project.",
        "principalName":  "[Thinking-in-Graphs]\\Project Administrators",
        "displayName":  "Project Administrators",
        "descriptor":  "vssgp.Uy0xLTktMTU1MTM3NDI0NS0xMDk4MTQ1NzAxLTE2OTg1MzU3NTktMjczMTM2NTg5NC0xOTQ4MTA2NDE0LTAtMC0wLTAtMQ",
        "domainId":  "4b260af6-b467-46ae-bb29-f6f1c1b183c5",
        "accountName":  "019840",
        "accountUri":  "https://vssps.dev.azure.com:443/019840/",
        "accountId":  "16e6885e-e388-4889-a5b3-8ba0c4c29a18",
        "originId":  "0e686f21-dcb2-48da-ad92-f386a4ed075a"
    },
    {
        "subjectKind":  "group",
        "description":  "Members of this group should include accounts for people who should be able to manage all the service connections.",
        "principalName":  "[Thinking-in-Graphs]\\Endpoint Administrators",
        "displayName":  "Endpoint Administrators",
        "descriptor":  "vssgp.Uy0xLTktMTU1MTM3NDI0NS0xMDk4MTQ1NzAxLTE2OTg1MzU3NTktMjczMTM2NTg5NC0xOTQ4MTA2NDE0LTAtMC0wLTgtOA",
        "domainId":  "4b260af6-b467-46ae-bb29-f6f1c1b183c5",
        "accountName":  "019840",
        "accountUri":  "https://vssps.dev.azure.com:443/019840/",
        "accountId":  "16e6885e-e388-4889-a5b3-8ba0c4c29a18",
        "originId":  "e136cb26-caac-4def-8568-f6072f4dfaf3"
    },
    {
        "subjectKind":  "group",
        "description":  "Members of this group should include accounts for people who can create service connections.",
        "principalName":  "[Thinking-in-Graphs]\\Endpoint Creators",
        "displayName":  "Endpoint Creators",
        "descriptor":  "vssgp.Uy0xLTktMTU1MTM3NDI0NS0xMDk4MTQ1NzAxLTE2OTg1MzU3NTktMjczMTM2NTg5NC0xOTQ4MTA2NDE0LTAtMC0wLTgtOQ",
        "domainId":  "4b260af6-b467-46ae-bb29-f6f1c1b183c5",
        "accountName":  "019840",
        "accountUri":  "https://vssps.dev.azure.com:443/019840/",
        "accountId":  "16e6885e-e388-4889-a5b3-8ba0c4c29a18",
        "originId":  "963e8faa-4c5e-492a-b9b9-f676495d4354"
    }
	]
}
