{
	"meta": {
		"count": 92,
		"type": "azDevOpsMemberships",
		"version": 4
	},
	"data": [
    {
        "containerDescriptor":  "vssgp.Uy0xLTktMTU1MTM3NDI0NS0yNzQwMTIxNDc3LTI0Mzg1MzkzNDAtMjcxOTY3OTYzMi0yMzQyNjcxMjU5LTEtNTA0NTE3MTIyLTMwMTQxMTkwNC0yMTg2NjAyMjg5LTM1MzIwNDQ5Mzk",
        "memberDescriptor":  "vssgp.Uy0xLTktMTU1MTM3NDI0NS0yNzQwMTIxNDc3LTI0Mzg1MzkzNDAtMjcxOTY3OTYzMi0yMzQyNjcxMjU5LTEtNjg5NTIxNTYtMTA1NDA2MjQxMS0zMDQ4Njc2MTMyLTE1NzQ1NzIz"
    },
    {
        "containerDescriptor":  "vssgp.Uy0xLTktMTU1MTM3NDI0NS0yNzQwMTIxNDc3LTI0Mzg1MzkzNDAtMjcxOTY3OTYzMi0yMzQyNjcxMjU5LTEtNjg5NTIxNTYtMTA1NDA2MjQxMS0zMDQ4Njc2MTMyLTE1NzQ1NzIz",
        "memberDescriptor":  "aad.MGM5NjNhNWQtOWUwZC03OTc2LTg3OTAtYTcxODI1ZjQ1ZjBk"
    },
    {
        "containerDescriptor":  "vssgp.Uy0xLTktMTU1MTM3NDI0NS05NDc4MzczMi0xNDAzMTg3NzkxLTI3MDM1MzY3NDItMjczNDg2NjA0Mi0wLTAtMC04LTg",
        "memberDescriptor":  "vssgp.Uy0xLTktMTU1MTM3NDI0NS05NDc4MzczMi0xNDAzMTg3NzkxLTI3MDM1MzY3NDItMjczNDg2NjA0Mi0wLTAtMC0wLTE"
    },
    {
        "containerDescriptor":  "vssgp.Uy0xLTktMTU1MTM3NDI0NS0zMTI3MjkyNDI2LTE3MDAzMTEzNjgtMjIwMTQ4Mzk5MS0xNTYwNzc2NjE0LTAtMC0wLTgtOQ",
        "memberDescriptor":  "vssgp.Uy0xLTktMTU1MTM3NDI0NS0yNzQwMTIxNDc3LTI0Mzg1MzkzNDAtMjcxOTY3OTYzMi0yMzQyNjcxMjU5LTEtNTA0NTE3MTIyLTMwMTQxMTkwNC0yMTg2NjAyMjg5LTM1MzIwNDQ5Mzk"
    },
    {
        "containerDescriptor":  "vssgp.Uy0xLTktMTU1MTM3NDI0NS0zMTI3MjkyNDI2LTE3MDAzMTEzNjgtMjIwMTQ4Mzk5MS0xNTYwNzc2NjE0LTAtMC0wLTgtOQ",
        "memberDescriptor":  "vssgp.Uy0xLTktMTU1MTM3NDI0NS0zMTI3MjkyNDI2LTE3MDAzMTEzNjgtMjIwMTQ4Mzk5MS0xNTYwNzc2NjE0LTAtMC0wLTAtMQ"
    },
    {
        "containerDescriptor":  "vssgp.Uy0xLTktMTU1MTM3NDI0NS0zMTI3MjkyNDI2LTE3MDAzMTEzNjgtMjIwMTQ4Mzk5MS0xNTYwNzc2NjE0LTAtMC0wLTgtOA",
        "memberDescriptor":  "vssgp.Uy0xLTktMTU1MTM3NDI0NS0zMTI3MjkyNDI2LTE3MDAzMTEzNjgtMjIwMTQ4Mzk5MS0xNTYwNzc2NjE0LTAtMC0wLTAtMQ"
    },
    {
        "containerDescriptor":  "vssgp.Uy0xLTktMTU1MTM3NDI0NS05NDkyNDM1NjYtMjU4ODAwMTA4OS0yNjA1MjcyNTMzLTE5Nzg2NTE3NzYtMC0wLTAtMC0x",
        "memberDescriptor":  "vssgp.Uy0xLTktMTU1MTM3NDI0NS05NDkyNDM1NjYtMjU4ODAwMTA4OS0yNjA1MjcyNTMzLTE5Nzg2NTE3NzYtMC0wLTAtMC0y"
    },
    {
        "containerDescriptor":  "vssgp.Uy0xLTktMTU1MTM3NDI0NS05NDkyNDM1NjYtMjU4ODAwMTA4OS0yNjA1MjcyNTMzLTE5Nzg2NTE3NzYtMC0wLTAtMC0x",
        "memberDescriptor":  "aad.MGM5NjNhNWQtOWUwZC03OTc2LTg3OTAtYTcxODI1ZjQ1ZjBk"
    },
    {
        "containerDescriptor":  "vssgp.Uy0xLTktMTU1MTM3NDI0NS0zMTI3MjkyNDI2LTE3MDAzMTEzNjgtMjIwMTQ4Mzk5MS0xNTYwNzc2NjE0LTAtMC0wLTAtMw",
        "memberDescriptor":  "vssgp.Uy0xLTktMTU1MTM3NDI0NS0yNzQwMTIxNDc3LTI0Mzg1MzkzNDAtMjcxOTY3OTYzMi0yMzQyNjcxMjU5LTEtMjU2NzM2NTgzOC0xMjQ5NDA2Nzg4LTIzODIzNzk4MDctMzc1Nzg5MzU0Nw"
    },
    {
        "containerDescriptor":  "vssgp.Uy0xLTktMTU1MTM3NDI0NS0zMTI3MjkyNDI2LTE3MDAzMTEzNjgtMjIwMTQ4Mzk5MS0xNTYwNzc2NjE0LTAtMC0wLTAtMw",
        "memberDescriptor":  "vssgp.Uy0xLTktMTU1MTM3NDI0NS0yNzQwMTIxNDc3LTI0Mzg1MzkzNDAtMjcxOTY3OTYzMi0yMzQyNjcxMjU5LTEtNTA0NTE3MTIyLTMwMTQxMTkwNC0yMTg2NjAyMjg5LTM1MzIwNDQ5Mzk"
    },
    {
        "containerDescriptor":  "vssgp.Uy0xLTktMTU1MTM3NDI0NS0zMTI3MjkyNDI2LTE3MDAzMTEzNjgtMjIwMTQ4Mzk5MS0xNTYwNzc2NjE0LTAtMC0wLTAtMw",
        "memberDescriptor":  "vssgp.Uy0xLTktMTU1MTM3NDI0NS0yNzQwMTIxNDc3LTI0Mzg1MzkzNDAtMjcxOTY3OTYzMi0yMzQyNjcxMjU5LTEtNjg5NTIxNTYtMTA1NDA2MjQxMS0zMDQ4Njc2MTMyLTE1NzQ1NzIz"
    },
    {
        "containerDescriptor":  "vssgp.Uy0xLTktMTU1MTM3NDI0NS0zMTI3MjkyNDI2LTE3MDAzMTEzNjgtMjIwMTQ4Mzk5MS0xNTYwNzc2NjE0LTAtMC0wLTAtMw",
        "memberDescriptor":  "vssgp.Uy0xLTktMTU1MTM3NDI0NS0zMTI3MjkyNDI2LTE3MDAzMTEzNjgtMjIwMTQ4Mzk5MS0xNTYwNzc2NjE0LTAtMC0wLTgtOQ"
    },
    {
        "containerDescriptor":  "vssgp.Uy0xLTktMTU1MTM3NDI0NS0zMTI3MjkyNDI2LTE3MDAzMTEzNjgtMjIwMTQ4Mzk5MS0xNTYwNzc2NjE0LTAtMC0wLTAtMw",
        "memberDescriptor":  "vssgp.Uy0xLTktMTU1MTM3NDI0NS0zMTI3MjkyNDI2LTE3MDAzMTEzNjgtMjIwMTQ4Mzk5MS0xNTYwNzc2NjE0LTAtMC0wLTgtOA"
    },
    {
        "containerDescriptor":  "vssgp.Uy0xLTktMTU1MTM3NDI0NS0zMTI3MjkyNDI2LTE3MDAzMTEzNjgtMjIwMTQ4Mzk5MS0xNTYwNzc2NjE0LTAtMC0wLTAtMw",
        "memberDescriptor":  "vssgp.Uy0xLTktMTU1MTM3NDI0NS0yNzQwMTIxNDc3LTI0Mzg1MzkzNDAtMjcxOTY3OTYzMi0yMzQyNjcxMjU5LTEtMTE2MjYzMjM2My0yOTU2OTM0MjA5LTIzMTQ3ODkxMzQtMTYwODk4NjU3Nw"
    },
    {
        "containerDescriptor":  "vssgp.Uy0xLTktMTU1MTM3NDI0NS0zMTI3MjkyNDI2LTE3MDAzMTEzNjgtMjIwMTQ4Mzk5MS0xNTYwNzc2NjE0LTAtMC0wLTAtMw",
        "memberDescriptor":  "vssgp.Uy0xLTktMTU1MTM3NDI0NS0zMTI3MjkyNDI2LTE3MDAzMTEzNjgtMjIwMTQ4Mzk5MS0xNTYwNzc2NjE0LTAtMC0wLTAtMQ"
    },
    {
        "containerDescriptor":  "vssgp.Uy0xLTktMTU1MTM3NDI0NS05NDkyNDM1NjYtMjU4ODAwMTA4OS0yNjA1MjcyNTMzLTE5Nzg2NTE3NzYtMC0wLTAtMC0y",
        "memberDescriptor":  "vssgp.Uy0xLTktMTU1MTM3NDI0NS0zODcxMzQ1MDIwLTI4Mzk1NDMxMDQtMjUwODA0OTYwMC00MDgwMzgzNTYzLTAtMC0wLTAtMg"
    },
    {
        "containerDescriptor":  "vssgp.Uy0xLTktMTU1MTM3NDI0NS05NDc4MzczMi0xNDAzMTg3NzkxLTI3MDM1MzY3NDItMjczNDg2NjA0Mi0wLTAtMC0wLTM",
        "memberDescriptor":  "vssgp.Uy0xLTktMTU1MTM3NDI0NS05NDc4MzczMi0xNDAzMTg3NzkxLTI3MDM1MzY3NDItMjczNDg2NjA0Mi0wLTAtMC04LTg"
    },
    {
        "containerDescriptor":  "vssgp.Uy0xLTktMTU1MTM3NDI0NS05NDc4MzczMi0xNDAzMTg3NzkxLTI3MDM1MzY3NDItMjczNDg2NjA0Mi0wLTAtMC0wLTM",
        "memberDescriptor":  "vssgp.Uy0xLTktMTU1MTM3NDI0NS05NDc4MzczMi0xNDAzMTg3NzkxLTI3MDM1MzY3NDItMjczNDg2NjA0Mi0wLTAtMC0xLTI"
    },
    {
        "containerDescriptor":  "vssgp.Uy0xLTktMTU1MTM3NDI0NS05NDc4MzczMi0xNDAzMTg3NzkxLTI3MDM1MzY3NDItMjczNDg2NjA0Mi0wLTAtMC0wLTM",
        "memberDescriptor":  "vssgp.Uy0xLTktMTU1MTM3NDI0NS0xNTUwMTk3NzUyLTIxMTA2MjIyNzQtMjc1NzEzMDI1Mi0zMDAyMTc5MDk4LTEtNDAzMjA1NTI3Ny0yNDM3NDM4NTQyLTIzMjIzODg3MDMtMzI0OTAxMTIwMQ"
    },
    {
        "containerDescriptor":  "vssgp.Uy0xLTktMTU1MTM3NDI0NS05NDc4MzczMi0xNDAzMTg3NzkxLTI3MDM1MzY3NDItMjczNDg2NjA0Mi0wLTAtMC0wLTM",
        "memberDescriptor":  "vssgp.Uy0xLTktMTU1MTM3NDI0NS0xNTUwMTk3NzUyLTIxMTA2MjIyNzQtMjc1NzEzMDI1Mi0zMDAyMTc5MDk4LTEtMTgwMDkwMjYxNS0zNzQxNjA3MjM0LTI5NzYxODUwNjYtMjA0OTE4Njc3Mw"
    },
    {
        "containerDescriptor":  "vssgp.Uy0xLTktMTU1MTM3NDI0NS05NDc4MzczMi0xNDAzMTg3NzkxLTI3MDM1MzY3NDItMjczNDg2NjA0Mi0wLTAtMC0wLTM",
        "memberDescriptor":  "vssgp.Uy0xLTktMTU1MTM3NDI0NS0xNTUwMTk3NzUyLTIxMTA2MjIyNzQtMjc1NzEzMDI1Mi0zMDAyMTc5MDk4LTEtMzg5ODU2OTcxMS0yNTM4OTIzMzM0LTI2MTQ4MzkxMjMtMjg3NDk1NjM5Mg"
    },
    {
        "containerDescriptor":  "vssgp.Uy0xLTktMTU1MTM3NDI0NS05NDc4MzczMi0xNDAzMTg3NzkxLTI3MDM1MzY3NDItMjczNDg2NjA0Mi0wLTAtMC0wLTM",
        "memberDescriptor":  "vssgp.Uy0xLTktMTU1MTM3NDI0NS05NDc4MzczMi0xNDAzMTg3NzkxLTI3MDM1MzY3NDItMjczNDg2NjA0Mi0wLTAtMC0wLTE"
    },
    {
        "containerDescriptor":  "vssgp.Uy0xLTktMTU1MTM3NDI0NS05NDc4MzczMi0xNDAzMTg3NzkxLTI3MDM1MzY3NDItMjczNDg2NjA0Mi0wLTAtMC0wLTM",
        "memberDescriptor":  "vssgp.Uy0xLTktMTU1MTM3NDI0NS05NDc4MzczMi0xNDAzMTg3NzkxLTI3MDM1MzY3NDItMjczNDg2NjA0Mi0wLTAtMC04LTk"
    },
    {
        "containerDescriptor":  "vssgp.Uy0xLTktMTU1MTM3NDI0NS05NDc4MzczMi0xNDAzMTg3NzkxLTI3MDM1MzY3NDItMjczNDg2NjA0Mi0wLTAtMC0wLTM",
        "memberDescriptor":  "vssgp.Uy0xLTktMTU1MTM3NDI0NS0xNTUwMTk3NzUyLTIxMTA2MjIyNzQtMjc1NzEzMDI1Mi0zMDAyMTc5MDk4LTEtNDAwNjc5NDgyMC0xMDY1Njc2MzUyLTMwNTM5MTgxMjAtMjUzODkzNjEyNg"
    },
    {
        "containerDescriptor":  "vssgp.Uy0xLTktMTU1MTM3NDI0NS05NDkyNDM1NjYtMjU4ODAwMTA4OS0yNjA1MjcyNTMzLTE5Nzg2NTE3NzYtMC0wLTAtMC0z",
        "memberDescriptor":  "vssgp.Uy0xLTktMTU1MTM3NDI0NS05NDkyNDM1NjYtMjU4ODAwMTA4OS0yNjA1MjcyNTMzLTE5Nzg2NTE3NzYtMC0wLTAtNC0x"
    },
    {
        "containerDescriptor":  "vssgp.Uy0xLTktMTU1MTM3NDI0NS05NDkyNDM1NjYtMjU4ODAwMTA4OS0yNjA1MjcyNTMzLTE5Nzg2NTE3NzYtMC0wLTAtMC0z",
        "memberDescriptor":  "vssgp.Uy0xLTktMTU1MTM3NDI0NS05NDkyNDM1NjYtMjU4ODAwMTA4OS0yNjA1MjcyNTMzLTE5Nzg2NTE3NzYtMC0wLTAtMC0x"
    },
    {
        "containerDescriptor":  "vssgp.Uy0xLTktMTU1MTM3NDI0NS05NDkyNDM1NjYtMjU4ODAwMTA4OS0yNjA1MjcyNTMzLTE5Nzg2NTE3NzYtMC0wLTAtMC0z",
        "memberDescriptor":  "vssgp.Uy0xLTktMTU1MTM3NDI0NS0zMTI3MjkyNDI2LTE3MDAzMTEzNjgtMjIwMTQ4Mzk5MS0xNTYwNzc2NjE0LTAtMC0wLTAtMw"
    },
    {
        "containerDescriptor":  "vssgp.Uy0xLTktMTU1MTM3NDI0NS05NDkyNDM1NjYtMjU4ODAwMTA4OS0yNjA1MjcyNTMzLTE5Nzg2NTE3NzYtMC0wLTAtMC0z",
        "memberDescriptor":  "vssgp.Uy0xLTktMTU1MTM3NDI0NS05NDkyNDM1NjYtMjU4ODAwMTA4OS0yNjA1MjcyNTMzLTE5Nzg2NTE3NzYtMC0wLTAtMC0y"
    },
    {
        "containerDescriptor":  "vssgp.Uy0xLTktMTU1MTM3NDI0NS05NDkyNDM1NjYtMjU4ODAwMTA4OS0yNjA1MjcyNTMzLTE5Nzg2NTE3NzYtMC0wLTAtMC0z",
        "memberDescriptor":  "vssgp.Uy0xLTktMTU1MTM3NDI0NS05NDkyNDM1NjYtMjU4ODAwMTA4OS0yNjA1MjcyNTMzLTE5Nzg2NTE3NzYtMC0wLTAtMS0y"
    },
    {
        "containerDescriptor":  "vssgp.Uy0xLTktMTU1MTM3NDI0NS05NDkyNDM1NjYtMjU4ODAwMTA4OS0yNjA1MjcyNTMzLTE5Nzg2NTE3NzYtMC0wLTAtMC0z",
        "memberDescriptor":  "vssgp.Uy0xLTktMTU1MTM3NDI0NS05NDc4MzczMi0xNDAzMTg3NzkxLTI3MDM1MzY3NDItMjczNDg2NjA0Mi0wLTAtMC0wLTM"
    },
    {
        "containerDescriptor":  "vssgp.Uy0xLTktMTU1MTM3NDI0NS05NDkyNDM1NjYtMjU4ODAwMTA4OS0yNjA1MjcyNTMzLTE5Nzg2NTE3NzYtMC0wLTAtMC0z",
        "memberDescriptor":  "vssgp.Uy0xLTktMTU1MTM3NDI0NS05NDkyNDM1NjYtMjU4ODAwMTA4OS0yNjA1MjcyNTMzLTE5Nzg2NTE3NzYtMC0wLTAtMS0x"
    },
    {
        "containerDescriptor":  "vssgp.Uy0xLTktMTU1MTM3NDI0NS05NDkyNDM1NjYtMjU4ODAwMTA4OS0yNjA1MjcyNTMzLTE5Nzg2NTE3NzYtMC0wLTAtMC0z",
        "memberDescriptor":  "vssgp.Uy0xLTktMTU1MTM3NDI0NS05NDkyNDM1NjYtMjU4ODAwMTA4OS0yNjA1MjcyNTMzLTE5Nzg2NTE3NzYtMC0wLTAtMC0xNA"
    },
    {
        "containerDescriptor":  "vssgp.Uy0xLTktMTU1MTM3NDI0NS05NDkyNDM1NjYtMjU4ODAwMTA4OS0yNjA1MjcyNTMzLTE5Nzg2NTE3NzYtMC0wLTAtMC0z",
        "memberDescriptor":  "vssgp.Uy0xLTktMTU1MTM3NDI0NS05NDkyNDM1NjYtMjU4ODAwMTA4OS0yNjA1MjcyNTMzLTE5Nzg2NTE3NzYtMC0wLTAtNS0x"
    },
    {
        "containerDescriptor":  "vssgp.Uy0xLTktMTU1MTM3NDI0NS05NDkyNDM1NjYtMjU4ODAwMTA4OS0yNjA1MjcyNTMzLTE5Nzg2NTE3NzYtMC0wLTAtMC0z",
        "memberDescriptor":  "vssgp.Uy0xLTktMTU1MTM3NDI0NS05NDkyNDM1NjYtMjU4ODAwMTA4OS0yNjA1MjcyNTMzLTE5Nzg2NTE3NzYtMC0wLTAtMC01"
    },
    {
        "containerDescriptor":  "vssgp.Uy0xLTktMTU1MTM3NDI0NS0zMTI3MjkyNDI2LTE3MDAzMTEzNjgtMjIwMTQ4Mzk5MS0xNTYwNzc2NjE0LTAtMC0wLTAtMQ",
        "memberDescriptor":  "aad.MGM5NjNhNWQtOWUwZC03OTc2LTg3OTAtYTcxODI1ZjQ1ZjBk"
    },
    {
        "containerDescriptor":  "vssgp.Uy0xLTktMTU1MTM3NDI0NS0xNTUwMTk3NzUyLTIxMTA2MjIyNzQtMjc1NzEzMDI1Mi0zMDAyMTc5MDk4LTEtMTgwMDkwMjYxNS0zNzQxNjA3MjM0LTI5NzYxODUwNjYtMjA0OTE4Njc3Mw",
        "memberDescriptor":  "aad.MGM5NjNhNWQtOWUwZC03OTc2LTg3OTAtYTcxODI1ZjQ1ZjBk"
    },
    {
        "containerDescriptor":  "vssgp.Uy0xLTktMTU1MTM3NDI0NS05NDc4MzczMi0xNDAzMTg3NzkxLTI3MDM1MzY3NDItMjczNDg2NjA0Mi0wLTAtMC0wLTE",
        "memberDescriptor":  "aad.ZWU5YjI3NDgtOTc2Mi03YTYxLTk2YzMtN2Y1MjcwM2E5NmE2"
    },
    {
        "containerDescriptor":  "vssgp.Uy0xLTktMTU1MTM3NDI0NS05NDc4MzczMi0xNDAzMTg3NzkxLTI3MDM1MzY3NDItMjczNDg2NjA0Mi0wLTAtMC0wLTE",
        "memberDescriptor":  "aad.ZTQzYWMyODYtNWYzZC03NTEyLWJhMGQtOGE2MDZhYjI2NGIw"
    },
    {
        "containerDescriptor":  "vssgp.Uy0xLTktMTU1MTM3NDI0NS05NDc4MzczMi0xNDAzMTg3NzkxLTI3MDM1MzY3NDItMjczNDg2NjA0Mi0wLTAtMC0wLTE",
        "memberDescriptor":  "aad.MGM5NjNhNWQtOWUwZC03OTc2LTg3OTAtYTcxODI1ZjQ1ZjBk"
    },
    {
        "containerDescriptor":  "vssgp.Uy0xLTktMTU1MTM3NDI0NS05NDc4MzczMi0xNDAzMTg3NzkxLTI3MDM1MzY3NDItMjczNDg2NjA0Mi0wLTAtMC04LTk",
        "memberDescriptor":  "vssgp.Uy0xLTktMTU1MTM3NDI0NS05NDc4MzczMi0xNDAzMTg3NzkxLTI3MDM1MzY3NDItMjczNDg2NjA0Mi0wLTAtMC0wLTE"
    },
    {
        "containerDescriptor":  "vssgp.Uy0xLTktMTU1MTM3NDI0NS05NDc4MzczMi0xNDAzMTg3NzkxLTI3MDM1MzY3NDItMjczNDg2NjA0Mi0wLTAtMC04LTk",
        "memberDescriptor":  "vssgp.Uy0xLTktMTU1MTM3NDI0NS0xNTUwMTk3NzUyLTIxMTA2MjIyNzQtMjc1NzEzMDI1Mi0zMDAyMTc5MDk4LTEtNDAwNjc5NDgyMC0xMDY1Njc2MzUyLTMwNTM5MTgxMjAtMjUzODkzNjEyNg"
    },
    {
        "containerDescriptor":  "vssgp.Uy0xLTktMTU1MTM3NDI0NS0xNTUwMTk3NzUyLTIxMTA2MjIyNzQtMjc1NzEzMDI1Mi0zMDAyMTc5MDk4LTEtNDAwNjc5NDgyMC0xMDY1Njc2MzUyLTMwNTM5MTgxMjAtMjUzODkzNjEyNg",
        "memberDescriptor":  "vssgp.Uy0xLTktMTU1MTM3NDI0NS0xNTUwMTk3NzUyLTIxMTA2MjIyNzQtMjc1NzEzMDI1Mi0zMDAyMTc5MDk4LTEtMTgwMDkwMjYxNS0zNzQxNjA3MjM0LTI5NzYxODUwNjYtMjA0OTE4Njc3Mw"
    },
    {
        "containerDescriptor":  "vssgp.Uy0xLTktMTU1MTM3NDI0NS05NDkyNDM1NjYtMjU4ODAwMTA4OS0yNjA1MjcyNTMzLTE5Nzg2NTE3NzYtMC0wLTAtMC01",
        "memberDescriptor":  "svc.N2MwOWMwZTYtM2ZhOS00MGZkLTk1N2QtY2NjMGYzMzViNjRiOkJ1aWxkOmQ3NDcxMWI1LWYzMzgtNDMzOS04NDlhLWU4YmU1NmVmYzc1Mg"
    },
    {
        "containerDescriptor":  "vssgp.Uy0xLTktMTU1MTM3NDI0NS05NDkyNDM1NjYtMjU4ODAwMTA4OS0yNjA1MjcyNTMzLTE5Nzg2NTE3NzYtMC0wLTAtMC01",
        "memberDescriptor":  "svc.N2MwOWMwZTYtM2ZhOS00MGZkLTk1N2QtY2NjMGYzMzViNjRiOkJ1aWxkOjE4YTU5YjUwLTljNTItNGY5Yi05NmUyLTliMTIwZWJjODY5Zg"
    },
    {
        "containerDescriptor":  "vssgp.Uy0xLTktMTU1MTM3NDI0NS05NDkyNDM1NjYtMjU4ODAwMTA4OS0yNjA1MjcyNTMzLTE5Nzg2NTE3NzYtMC0wLTAtMC01",
        "memberDescriptor":  "svc.N2MwOWMwZTYtM2ZhOS00MGZkLTk1N2QtY2NjMGYzMzViNjRiOkJ1aWxkOmFlNGU5NDM4LTQxOWEtNDFjMy05YjQ5LTRkZDU3NWVmZDQ4MA"
    },
    {
        "containerDescriptor":  "vssgp.Uy0xLTktMTU1MTM3NDI0NS05NDkyNDM1NjYtMjU4ODAwMTA4OS0yNjA1MjcyNTMzLTE5Nzg2NTE3NzYtMC0wLTAtMC01",
        "memberDescriptor":  "svc.N2MwOWMwZTYtM2ZhOS00MGZkLTk1N2QtY2NjMGYzMzViNjRiOkJ1aWxkOmY4MjM2NjVjLWNkN2QtNDI4YS1hNDU2LTc4MGNiMmYxOWUxYQ"
    },
    {
        "containerDescriptor":  "vssgp.Uy0xLTktMTU1MTM3NDI0NS05NDkyNDM1NjYtMjU4ODAwMTA4OS0yNjA1MjcyNTMzLTE5Nzg2NTE3NzYtMC0wLTAtMC01",
        "memberDescriptor":  "svc.YWU0ZTk0MzgtNDE5YS00MWMzLTliNDktNGRkNTc1ZWZkNDgwOkFnZW50UG9vbDpmMThmOTc3OS0zOWJjLTQyY2QtOWZlMi1lZDU1NzkzMWFiMzY"
    },
    {
        "containerDescriptor":  "vssgp.Uy0xLTktMTU1MTM3NDI0NS05NDkyNDM1NjYtMjU4ODAwMTA4OS0yNjA1MjcyNTMzLTE5Nzg2NTE3NzYtMC0wLTAtMC01",
        "memberDescriptor":  "svc.N2MwOWMwZTYtM2ZhOS00MGZkLTk1N2QtY2NjMGYzMzViNjRiOkJ1aWxkOjgyODBkMmYyLTYwYzYtNGM3NC1iNWEwLTUxOTlhNjgzZDcxMw"
    },
    {
        "containerDescriptor":  "vssgp.Uy0xLTktMTU1MTM3NDI0NS05NDkyNDM1NjYtMjU4ODAwMTA4OS0yNjA1MjcyNTMzLTE5Nzg2NTE3NzYtMC0wLTAtMC01",
        "memberDescriptor":  "svc.N2MwOWMwZTYtM2ZhOS00MGZkLTk1N2QtY2NjMGYzMzViNjRiOkJ1aWxkOjU2MzU4OGNhLTMzMWMtNDhkNS1hZDc4LTlmMzYyYTcyOTY5MQ"
    },
    {
        "containerDescriptor":  "vssgp.Uy0xLTktMTU1MTM3NDI0NS05NDkyNDM1NjYtMjU4ODAwMTA4OS0yNjA1MjcyNTMzLTE5Nzg2NTE3NzYtMC0wLTAtMC01",
        "memberDescriptor":  "svc.N2MwOWMwZTYtM2ZhOS00MGZkLTk1N2QtY2NjMGYzMzViNjRiOkJvYXJkczphZTRlOTQzOC00MTlhLTQxYzMtOWI0OS00ZGQ1NzVlZmQ0ODA"
    },
    {
        "containerDescriptor":  "vssgp.Uy0xLTktMTU1MTM3NDI0NS05NDkyNDM1NjYtMjU4ODAwMTA4OS0yNjA1MjcyNTMzLTE5Nzg2NTE3NzYtMC0wLTAtMC01",
        "memberDescriptor":  "svc.N2MwOWMwZTYtM2ZhOS00MGZkLTk1N2QtY2NjMGYzMzViNjRiOkdpdEh1YiBBcHA6ODVlZjUyYTMtNTk5MS00YzI4LWEyMWItMDQ5MDhiYTI1Mzli"
    },
    {
        "containerDescriptor":  "vssgp.Uy0xLTktMTU1MTM3NDI0NS05NDkyNDM1NjYtMjU4ODAwMTA4OS0yNjA1MjcyNTMzLTE5Nzg2NTE3NzYtMC0wLTAtMC01",
        "memberDescriptor":  "svc.YWU0ZTk0MzgtNDE5YS00MWMzLTliNDktNGRkNTc1ZWZkNDgwOkFnZW50UG9vbDplODlmYWQwNi01YTAzLTRhZTgtODE2ZC0zYTVmOTYzOTQ1YTc"
    },
    {
        "containerDescriptor":  "vssgp.Uy0xLTktMTU1MTM3NDI0NS05NDkyNDM1NjYtMjU4ODAwMTA4OS0yNjA1MjcyNTMzLTE5Nzg2NTE3NzYtMC0wLTAtMC01",
        "memberDescriptor":  "svc.YWU0ZTk0MzgtNDE5YS00MWMzLTliNDktNGRkNTc1ZWZkNDgwOkFnZW50UG9vbDplYjJlZmYwZi01YjUxLTRlNWQtOWEzOC02ZjQwODQ2MWUwOWU"
    },
    {
        "containerDescriptor":  "vssgp.Uy0xLTktMTU1MTM3NDI0NS05NDkyNDM1NjYtMjU4ODAwMTA4OS0yNjA1MjcyNTMzLTE5Nzg2NTE3NzYtMC0wLTAtMC01",
        "memberDescriptor":  "svc.N2MwOWMwZTYtM2ZhOS00MGZkLTk1N2QtY2NjMGYzMzViNjRiOkJ1aWxkOjg1ZWY1MmEzLTU5OTEtNGMyOC1hMjFiLTA0OTA4YmEyNTM5Yg"
    },
    {
        "containerDescriptor":  "vssgp.Uy0xLTktMTU1MTM3NDI0NS05NDkyNDM1NjYtMjU4ODAwMTA4OS0yNjA1MjcyNTMzLTE5Nzg2NTE3NzYtMC0wLTAtMC01",
        "memberDescriptor":  "svc.N2MwOWMwZTYtM2ZhOS00MGZkLTk1N2QtY2NjMGYzMzViNjRiOkJ1aWxkOmI3ZGRhYTIyLWU3ZDgtNDU3Mi1hMjZlLTEyZTAzYWRjODIxYw"
    },
    {
        "containerDescriptor":  "vssgp.Uy0xLTktMTU1MTM3NDI0NS05NDkyNDM1NjYtMjU4ODAwMTA4OS0yNjA1MjcyNTMzLTE5Nzg2NTE3NzYtMC0wLTAtMC01",
        "memberDescriptor":  "svc.YWU0ZTk0MzgtNDE5YS00MWMzLTliNDktNGRkNTc1ZWZkNDgwOkFnZW50UG9vbDowNjUxYzk4ZS04NDA0LTRlZTktYTI2Yi0zZTFlNjgwYjEzMTA"
    },
    {
        "containerDescriptor":  "vssgp.Uy0xLTktMTU1MTM3NDI0NS0xMDk4MTQ1NzAxLTE2OTg1MzU3NTktMjczMTM2NTg5NC0xOTQ4MTA2NDE0LTAtMC0wLTAtMw",
        "memberDescriptor":  "vssgp.Uy0xLTktMTU1MTM3NDI0NS00MTI3ODYwMjk5LTE3Mzk4OTQzNDItMzE0MDA4OTU4NS0zMjQ5NjM2MjkzLTEtMTg3NTI1MzI3Ny05OTg5ODUwMzUtMjUxOTYxOTI2NS0zMzMyNjkxMDU5"
    },
    {
        "containerDescriptor":  "vssgp.Uy0xLTktMTU1MTM3NDI0NS0xMDk4MTQ1NzAxLTE2OTg1MzU3NTktMjczMTM2NTg5NC0xOTQ4MTA2NDE0LTAtMC0wLTAtMw",
        "memberDescriptor":  "vssgp.Uy0xLTktMTU1MTM3NDI0NS00MTI3ODYwMjk5LTE3Mzk4OTQzNDItMzE0MDA4OTU4NS0zMjQ5NjM2MjkzLTEtMTU4Mjg4MTc4Ny0yMDMwMDAyNzYzLTI0NDY2NjM1ODEtMzcxMzM4MTQ0OQ"
    },
    {
        "containerDescriptor":  "vssgp.Uy0xLTktMTU1MTM3NDI0NS0xMDk4MTQ1NzAxLTE2OTg1MzU3NTktMjczMTM2NTg5NC0xOTQ4MTA2NDE0LTAtMC0wLTAtMw",
        "memberDescriptor":  "vssgp.Uy0xLTktMTU1MTM3NDI0NS00MTI3ODYwMjk5LTE3Mzk4OTQzNDItMzE0MDA4OTU4NS0zMjQ5NjM2MjkzLTEtMjY3MzQ2OTM0OC0zNjA5MjA2ODUyLTIzODQ1MDMwNTMtMzQ3NTM5NzkwNg"
    },
    {
        "containerDescriptor":  "vssgp.Uy0xLTktMTU1MTM3NDI0NS0xMDk4MTQ1NzAxLTE2OTg1MzU3NTktMjczMTM2NTg5NC0xOTQ4MTA2NDE0LTAtMC0wLTAtMw",
        "memberDescriptor":  "vssgp.Uy0xLTktMTU1MTM3NDI0NS00MTI3ODYwMjk5LTE3Mzk4OTQzNDItMzE0MDA4OTU4NS0zMjQ5NjM2MjkzLTEtMzUzMjg3NjA0OC0yNzI4MjI1ODU5LTIyNDUzNzYxMTktMzUzOTE2MDg2MQ"
    },
    {
        "containerDescriptor":  "vssgp.Uy0xLTktMTU1MTM3NDI0NS0xMDk4MTQ1NzAxLTE2OTg1MzU3NTktMjczMTM2NTg5NC0xOTQ4MTA2NDE0LTAtMC0wLTAtMw",
        "memberDescriptor":  "vssgp.Uy0xLTktMTU1MTM3NDI0NS0xMDk4MTQ1NzAxLTE2OTg1MzU3NTktMjczMTM2NTg5NC0xOTQ4MTA2NDE0LTAtMC0wLTEtMg"
    },
    {
        "containerDescriptor":  "vssgp.Uy0xLTktMTU1MTM3NDI0NS0xMDk4MTQ1NzAxLTE2OTg1MzU3NTktMjczMTM2NTg5NC0xOTQ4MTA2NDE0LTAtMC0wLTAtMw",
        "memberDescriptor":  "vssgp.Uy0xLTktMTU1MTM3NDI0NS0xMDk4MTQ1NzAxLTE2OTg1MzU3NTktMjczMTM2NTg5NC0xOTQ4MTA2NDE0LTAtMC0wLTAtMQ"
    },
    {
        "containerDescriptor":  "vssgp.Uy0xLTktMTU1MTM3NDI0NS0xMDk4MTQ1NzAxLTE2OTg1MzU3NTktMjczMTM2NTg5NC0xOTQ4MTA2NDE0LTAtMC0wLTAtMw",
        "memberDescriptor":  "vssgp.Uy0xLTktMTU1MTM3NDI0NS0xMDk4MTQ1NzAxLTE2OTg1MzU3NTktMjczMTM2NTg5NC0xOTQ4MTA2NDE0LTAtMC0wLTgtOA"
    },
    {
        "containerDescriptor":  "vssgp.Uy0xLTktMTU1MTM3NDI0NS0xMDk4MTQ1NzAxLTE2OTg1MzU3NTktMjczMTM2NTg5NC0xOTQ4MTA2NDE0LTAtMC0wLTAtMw",
        "memberDescriptor":  "vssgp.Uy0xLTktMTU1MTM3NDI0NS0xMDk4MTQ1NzAxLTE2OTg1MzU3NTktMjczMTM2NTg5NC0xOTQ4MTA2NDE0LTAtMC0wLTgtOQ"
    },
    {
        "containerDescriptor":  "vssgp.Uy0xLTktMTU1MTM3NDI0NS0xNTg2MDMwMTAyLTIyOTY2MTMxOTItMjc4MDAwNzMyOC0zMzAxMDg3NzY4LTAtMC0wLTAtNQ",
        "memberDescriptor":  "svc.ZjhlZjEyZDMtNTU2MC00MDRkLTllMzQtNWIwNjVmMWY2ZjBiOkJ1aWxkOjE2ZTY4ODVlLWUzODgtNDg4OS1hNWIzLThiYTBjNGMyOWExOA"
    },
    {
        "containerDescriptor":  "vssgp.Uy0xLTktMTU1MTM3NDI0NS0xNTg2MDMwMTAyLTIyOTY2MTMxOTItMjc4MDAwNzMyOC0zMzAxMDg3NzY4LTAtMC0wLTAtNQ",
        "memberDescriptor":  "svc.MTZlNjg4NWUtZTM4OC00ODg5LWE1YjMtOGJhMGM0YzI5YTE4OkFnZW50UG9vbDo4MTllOTc1Yy05OWE4LTRmZDYtODY3Ny01ZDRlZjllMzIyYmQ"
    },
    {
        "containerDescriptor":  "vssgp.Uy0xLTktMTU1MTM3NDI0NS0xNTg2MDMwMTAyLTIyOTY2MTMxOTItMjc4MDAwNzMyOC0zMzAxMDg3NzY4LTAtMC0wLTAtNQ",
        "memberDescriptor":  "svc.ZjhlZjEyZDMtNTU2MC00MDRkLTllMzQtNWIwNjVmMWY2ZjBiOkJ1aWxkOjRiMjYwYWY2LWI0NjctNDZhZS1iYjI5LWY2ZjFjMWIxODNjNQ"
    },
    {
        "containerDescriptor":  "vssgp.Uy0xLTktMTU1MTM3NDI0NS00MTI3ODYwMjk5LTE3Mzk4OTQzNDItMzE0MDA4OTU4NS0zMjQ5NjM2MjkzLTEtMTg3NTI1MzI3Ny05OTg5ODUwMzUtMjUxOTYxOTI2NS0zMzMyNjkxMDU5",
        "memberDescriptor":  "aad.ZWU5YjI3NDgtOTc2Mi03YTYxLTk2YzMtN2Y1MjcwM2E5NmE2"
    },
    {
        "containerDescriptor":  "vssgp.Uy0xLTktMTU1MTM3NDI0NS00MTI3ODYwMjk5LTE3Mzk4OTQzNDItMzE0MDA4OTU4NS0zMjQ5NjM2MjkzLTEtMTg3NTI1MzI3Ny05OTg5ODUwMzUtMjUxOTYxOTI2NS0zMzMyNjkxMDU5",
        "memberDescriptor":  "aadgp.Uy0xLTktMTU1MTM3NDI0NS0xMjA0NDAwOTY5LTI0MDI5ODY0MTMtMjE3OTQwODYxNi0zLTI1NjEyNjAyMTQtNzc4NjY4MjQtMjg5OTQwMTgwOC0xMzAwODcwMjkx"
    },
    {
        "containerDescriptor":  "vssgp.Uy0xLTktMTU1MTM3NDI0NS0xNTg2MDMwMTAyLTIyOTY2MTMxOTItMjc4MDAwNzMyOC0zMzAxMDg3NzY4LTAtMC0wLTAtMQ",
        "memberDescriptor":  "aadgp.Uy0xLTktMTU1MTM3NDI0NS0xMjA0NDAwOTY5LTI0MDI5ODY0MTMtMjE3OTQwODYxNi0zLTEwMTY5NjE3MjktMzI2ODExOTM2Ni0yODE5MTcwNjE1LTQxMTM2NTA4NTg"
    },
    {
        "containerDescriptor":  "vssgp.Uy0xLTktMTU1MTM3NDI0NS0xNTg2MDMwMTAyLTIyOTY2MTMxOTItMjc4MDAwNzMyOC0zMzAxMDg3NzY4LTAtMC0wLTAtMQ",
        "memberDescriptor":  "aad.ZWU5YjI3NDgtOTc2Mi03YTYxLTk2YzMtN2Y1MjcwM2E5NmE2"
    },
    {
        "containerDescriptor":  "vssgp.Uy0xLTktMTU1MTM3NDI0NS0xNTg2MDMwMTAyLTIyOTY2MTMxOTItMjc4MDAwNzMyOC0zMzAxMDg3NzY4LTAtMC0wLTAtMQ",
        "memberDescriptor":  "aad.ZTQzYWMyODYtNWYzZC03NTEyLWJhMGQtOGE2MDZhYjI2NGIw"
    },
    {
        "containerDescriptor":  "vssgp.Uy0xLTktMTU1MTM3NDI0NS0xNTg2MDMwMTAyLTIyOTY2MTMxOTItMjc4MDAwNzMyOC0zMzAxMDg3NzY4LTAtMC0wLTAtMQ",
        "memberDescriptor":  "vssgp.Uy0xLTktMTU1MTM3NDI0NS0xNTg2MDMwMTAyLTIyOTY2MTMxOTItMjc4MDAwNzMyOC0zMzAxMDg3NzY4LTAtMC0wLTAtMg"
    },
    {
        "containerDescriptor":  "vssgp.Uy0xLTktMTU1MTM3NDI0NS00MTI3ODYwMjk5LTE3Mzk4OTQzNDItMzE0MDA4OTU4NS0zMjQ5NjM2MjkzLTEtMjY3MzQ2OTM0OC0zNjA5MjA2ODUyLTIzODQ1MDMwNTMtMzQ3NTM5NzkwNg",
        "memberDescriptor":  "vssgp.Uy0xLTktMTU1MTM3NDI0NS00MTI3ODYwMjk5LTE3Mzk4OTQzNDItMzE0MDA4OTU4NS0zMjQ5NjM2MjkzLTEtMTg3NTI1MzI3Ny05OTg5ODUwMzUtMjUxOTYxOTI2NS0zMzMyNjkxMDU5"
    },
    {
        "containerDescriptor":  "vssgp.Uy0xLTktMTU1MTM3NDI0NS0xNTg2MDMwMTAyLTIyOTY2MTMxOTItMjc4MDAwNzMyOC0zMzAxMDg3NzY4LTAtMC0wLTAtMg",
        "memberDescriptor":  "vssgp.Uy0xLTktMTU1MTM3NDI0NS0zNTQxMjMzNjU2LTE2MTYyMDMwNzItMjY1NDIzMTMwMi0xNTk1ODk1NTYzLTAtMC0wLTAtMg"
    },
    {
        "containerDescriptor":  "vssgp.Uy0xLTktMTU1MTM3NDI0NS0xNTg2MDMwMTAyLTIyOTY2MTMxOTItMjc4MDAwNzMyOC0zMzAxMDg3NzY4LTAtMC0wLTAtMw",
        "memberDescriptor":  "vssgp.Uy0xLTktMTU1MTM3NDI0NS0xMDk4MTQ1NzAxLTE2OTg1MzU3NTktMjczMTM2NTg5NC0xOTQ4MTA2NDE0LTAtMC0wLTAtMw"
    },
    {
        "containerDescriptor":  "vssgp.Uy0xLTktMTU1MTM3NDI0NS0xNTg2MDMwMTAyLTIyOTY2MTMxOTItMjc4MDAwNzMyOC0zMzAxMDg3NzY4LTAtMC0wLTAtMw",
        "memberDescriptor":  "vssgp.Uy0xLTktMTU1MTM3NDI0NS0xNTg2MDMwMTAyLTIyOTY2MTMxOTItMjc4MDAwNzMyOC0zMzAxMDg3NzY4LTAtMC0wLTAtNQ"
    },
    {
        "containerDescriptor":  "vssgp.Uy0xLTktMTU1MTM3NDI0NS0xNTg2MDMwMTAyLTIyOTY2MTMxOTItMjc4MDAwNzMyOC0zMzAxMDg3NzY4LTAtMC0wLTAtMw",
        "memberDescriptor":  "vssgp.Uy0xLTktMTU1MTM3NDI0NS0xNTg2MDMwMTAyLTIyOTY2MTMxOTItMjc4MDAwNzMyOC0zMzAxMDg3NzY4LTAtMC0wLTEtMg"
    },
    {
        "containerDescriptor":  "vssgp.Uy0xLTktMTU1MTM3NDI0NS0xNTg2MDMwMTAyLTIyOTY2MTMxOTItMjc4MDAwNzMyOC0zMzAxMDg3NzY4LTAtMC0wLTAtMw",
        "memberDescriptor":  "vssgp.Uy0xLTktMTU1MTM3NDI0NS0xNTg2MDMwMTAyLTIyOTY2MTMxOTItMjc4MDAwNzMyOC0zMzAxMDg3NzY4LTAtMC0wLTEtMQ"
    },
    {
        "containerDescriptor":  "vssgp.Uy0xLTktMTU1MTM3NDI0NS0xNTg2MDMwMTAyLTIyOTY2MTMxOTItMjc4MDAwNzMyOC0zMzAxMDg3NzY4LTAtMC0wLTAtMw",
        "memberDescriptor":  "vssgp.Uy0xLTktMTU1MTM3NDI0NS0xNTg2MDMwMTAyLTIyOTY2MTMxOTItMjc4MDAwNzMyOC0zMzAxMDg3NzY4LTAtMC0wLTAtMQ"
    },
    {
        "containerDescriptor":  "vssgp.Uy0xLTktMTU1MTM3NDI0NS0xNTg2MDMwMTAyLTIyOTY2MTMxOTItMjc4MDAwNzMyOC0zMzAxMDg3NzY4LTAtMC0wLTAtMw",
        "memberDescriptor":  "vssgp.Uy0xLTktMTU1MTM3NDI0NS0xNTg2MDMwMTAyLTIyOTY2MTMxOTItMjc4MDAwNzMyOC0zMzAxMDg3NzY4LTAtMC0wLTAtMTQ"
    },
    {
        "containerDescriptor":  "vssgp.Uy0xLTktMTU1MTM3NDI0NS0xNTg2MDMwMTAyLTIyOTY2MTMxOTItMjc4MDAwNzMyOC0zMzAxMDg3NzY4LTAtMC0wLTAtMw",
        "memberDescriptor":  "vssgp.Uy0xLTktMTU1MTM3NDI0NS0xNTg2MDMwMTAyLTIyOTY2MTMxOTItMjc4MDAwNzMyOC0zMzAxMDg3NzY4LTAtMC0wLTUtMQ"
    },
    {
        "containerDescriptor":  "vssgp.Uy0xLTktMTU1MTM3NDI0NS0xNTg2MDMwMTAyLTIyOTY2MTMxOTItMjc4MDAwNzMyOC0zMzAxMDg3NzY4LTAtMC0wLTAtMw",
        "memberDescriptor":  "vssgp.Uy0xLTktMTU1MTM3NDI0NS0xNTg2MDMwMTAyLTIyOTY2MTMxOTItMjc4MDAwNzMyOC0zMzAxMDg3NzY4LTAtMC0wLTQtMQ"
    },
    {
        "containerDescriptor":  "vssgp.Uy0xLTktMTU1MTM3NDI0NS0xNTg2MDMwMTAyLTIyOTY2MTMxOTItMjc4MDAwNzMyOC0zMzAxMDg3NzY4LTAtMC0wLTAtMw",
        "memberDescriptor":  "vssgp.Uy0xLTktMTU1MTM3NDI0NS0xNTg2MDMwMTAyLTIyOTY2MTMxOTItMjc4MDAwNzMyOC0zMzAxMDg3NzY4LTAtMC0wLTAtMg"
    },
    {
        "containerDescriptor":  "vssgp.Uy0xLTktMTU1MTM3NDI0NS0xMDk4MTQ1NzAxLTE2OTg1MzU3NTktMjczMTM2NTg5NC0xOTQ4MTA2NDE0LTAtMC0wLTEtMg",
        "memberDescriptor":  "aadgp.Uy0xLTktMTU1MTM3NDI0NS0xMjA0NDAwOTY5LTI0MDI5ODY0MTMtMjE3OTQwODYxNi0zLTI1NjEyNjAyMTQtNzc4NjY4MjQtMjg5OTQwMTgwOC0xMzAwODcwMjkx"
    },
    {
        "containerDescriptor":  "vssgp.Uy0xLTktMTU1MTM3NDI0NS0xMDk4MTQ1NzAxLTE2OTg1MzU3NTktMjczMTM2NTg5NC0xOTQ4MTA2NDE0LTAtMC0wLTAtMQ",
        "memberDescriptor":  "aad.ZWU5YjI3NDgtOTc2Mi03YTYxLTk2YzMtN2Y1MjcwM2E5NmE2"
    },
    {
        "containerDescriptor":  "vssgp.Uy0xLTktMTU1MTM3NDI0NS0xMDk4MTQ1NzAxLTE2OTg1MzU3NTktMjczMTM2NTg5NC0xOTQ4MTA2NDE0LTAtMC0wLTAtMQ",
        "memberDescriptor":  "aad.ZTQzYWMyODYtNWYzZC03NTEyLWJhMGQtOGE2MDZhYjI2NGIw"
    },
    {
        "containerDescriptor":  "vssgp.Uy0xLTktMTU1MTM3NDI0NS0xMDk4MTQ1NzAxLTE2OTg1MzU3NTktMjczMTM2NTg5NC0xOTQ4MTA2NDE0LTAtMC0wLTAtMQ",
        "memberDescriptor":  "aad.MGM5NjNhNWQtOWUwZC03OTc2LTg3OTAtYTcxODI1ZjQ1ZjBk"
    },
    {
        "containerDescriptor":  "vssgp.Uy0xLTktMTU1MTM3NDI0NS0xMDk4MTQ1NzAxLTE2OTg1MzU3NTktMjczMTM2NTg5NC0xOTQ4MTA2NDE0LTAtMC0wLTgtOA",
        "memberDescriptor":  "aadgp.Uy0xLTktMTU1MTM3NDI0NS0xMjA0NDAwOTY5LTI0MDI5ODY0MTMtMjE3OTQwODYxNi0zLTI1NjEyNjAyMTQtNzc4NjY4MjQtMjg5OTQwMTgwOC0xMzAwODcwMjkx"
    },
    {
        "containerDescriptor":  "vssgp.Uy0xLTktMTU1MTM3NDI0NS0xMDk4MTQ1NzAxLTE2OTg1MzU3NTktMjczMTM2NTg5NC0xOTQ4MTA2NDE0LTAtMC0wLTgtOA",
        "memberDescriptor":  "vssgp.Uy0xLTktMTU1MTM3NDI0NS0xMDk4MTQ1NzAxLTE2OTg1MzU3NTktMjczMTM2NTg5NC0xOTQ4MTA2NDE0LTAtMC0wLTAtMQ"
    },
    {
        "containerDescriptor":  "vssgp.Uy0xLTktMTU1MTM3NDI0NS0xMDk4MTQ1NzAxLTE2OTg1MzU3NTktMjczMTM2NTg5NC0xOTQ4MTA2NDE0LTAtMC0wLTgtOQ",
        "memberDescriptor":  "vssgp.Uy0xLTktMTU1MTM3NDI0NS00MTI3ODYwMjk5LTE3Mzk4OTQzNDItMzE0MDA4OTU4NS0zMjQ5NjM2MjkzLTEtMjY3MzQ2OTM0OC0zNjA5MjA2ODUyLTIzODQ1MDMwNTMtMzQ3NTM5NzkwNg"
    },
    {
        "containerDescriptor":  "vssgp.Uy0xLTktMTU1MTM3NDI0NS0xMDk4MTQ1NzAxLTE2OTg1MzU3NTktMjczMTM2NTg5NC0xOTQ4MTA2NDE0LTAtMC0wLTgtOQ",
        "memberDescriptor":  "vssgp.Uy0xLTktMTU1MTM3NDI0NS0xMDk4MTQ1NzAxLTE2OTg1MzU3NTktMjczMTM2NTg5NC0xOTQ4MTA2NDE0LTAtMC0wLTAtMQ"
    }
	]
}
