{
	"meta": {
		"count": 1,
		"type": "azdevices",
		"version": 4
	},
	"data": [
    {
        "displayname":  "Assessment",
        "objectid":  "15305fd8-4473-497a-8a4c-0dd4d17335a4",
        "deviceId":  "68a655a7-5363-4ddf-97a9-47446b73b928",
        "deviceOs":  "Windows",
        "DeviceOsVersion":  "10.0.19041.1415",
        "enabled":  true,
        "lastLogonTimeStamp":  "\/Date(1641739956000)\/",
        "profileType":  "RegisteredDevice",
        "trustType":  "AzureAd",
        "ownerDisplayName":  "marius",
        "ownerUserPrincipalName":  "marius@019840.onmicrosoft.com",
        "ownerID":  "42ec6526-b5e0-4ff1-bb0a-c3f1a1595d36",
        "ownerType":  "User",
        "ownerOnPremisesSecurityIdentifier":  null
    }
	]
}
