{
	"meta": {
		"count": 2,
		"type": "azDevOpsSpns",
		"version": 4
	},
	"data": [
    {
        "projectId":  "f823665c-cd7d-428a-a456-780cb2f19e1a",
        "spnObjectId":  "a1fc5448-1a5f-4827-9a76-d8acbb6b1be5",
        "appObjectId":  "d00b57c6-7448-40a6-93d3-179c31eda6aa"
    },
    {
        "projectId":  "4b260af6-b467-46ae-bb29-f6f1c1b183c5",
        "spnObjectId":  "13167c2a-fd7c-42fe-b8b4-49d6e6130e28",
        "appObjectId":  "534b1e30-a678-4692-b191-c08e0e07ba5f"
    }
	]
}
