{
	"meta": {
		"count": 6,
		"type": "azgroupowners",
		"version": 4
	},
	"data": [
    {
        "GroupName":  "TestGroup1",
        "GroupID":  "4777e1a2-6c43-44b2-9354-19be87a31f35",
        "OwnerName":  "SA-CH-KayTuesso-Synchronize",
        "OwnerID":  "57896555-b0e5-41d4-a45f-5feb07a50c58",
        "OwnerType":  "ServicePrincipal",
        "OwnerOnPremID":  null
    },
    {
        "GroupName":  "All Company",
        "GroupID":  "6c0fc408-36c6-430b-846d-3634f1b37fad",
        "OwnerName":  "Marius Elmiger",
        "OwnerID":  "eba21874-b707-41be-9eca-84f9e85e5bff",
        "OwnerType":  "User",
        "OwnerOnPremID":  null
    },
    {
        "GroupName":  "019840",
        "GroupID":  "9f803c8e-a3ec-42f4-999a-4ac044b2d2e1",
        "OwnerName":  "Marius Elmiger",
        "OwnerID":  "eba21874-b707-41be-9eca-84f9e85e5bff",
        "OwnerType":  "User",
        "OwnerOnPremID":  null
    },
    {
        "GroupName":  "019840",
        "GroupID":  "9f803c8e-a3ec-42f4-999a-4ac044b2d2e1",
        "OwnerName":  "marius",
        "OwnerID":  "42ec6526-b5e0-4ff1-bb0a-c3f1a1595d36",
        "OwnerType":  "User",
        "OwnerOnPremID":  null
    },
    {
        "GroupName":  "SG-RES-DB-KayTuesso-db_owner",
        "GroupID":  "bd800219-3819-4f89-9f41-261ccf3a3d1a",
        "OwnerName":  "marius",
        "OwnerID":  "42ec6526-b5e0-4ff1-bb0a-c3f1a1595d36",
        "OwnerType":  "User",
        "OwnerOnPremID":  null
    },
    {
        "GroupName":  "SG-RES-DB-KayTuesso-db_owner",
        "GroupID":  "bd800219-3819-4f89-9f41-261ccf3a3d1a",
        "OwnerName":  "Greg",
        "OwnerID":  "5c7391de-553a-4eaf-8a8b-78e1b09bf9ea",
        "OwnerType":  "User",
        "OwnerOnPremID":  null
    }
	]
}
