{
	"meta": {
		"count": 23,
		"type": "azgroupmembers",
		"version": 4
	},
	"data": [
    {
        "GroupName":  "Azure ATP 019840 Administrators",
        "GroupID":  "03f933ef-2d65-44f0-acae-90d35df2b67a",
        "GroupOnPremID":  null,
        "MemberName":  "marius",
        "MemberID":  "42ec6526-b5e0-4ff1-bb0a-c3f1a1595d36",
        "MemberType":  "User",
        "MemberOnPremID":  null
    },
    {
        "GroupName":  "TestGroup1",
        "GroupID":  "4777e1a2-6c43-44b2-9354-19be87a31f35",
        "GroupOnPremID":  null,
        "MemberName":  "marius",
        "MemberID":  "42ec6526-b5e0-4ff1-bb0a-c3f1a1595d36",
        "MemberType":  "User",
        "MemberOnPremID":  null
    },
    {
        "GroupName":  "TestGroup1",
        "GroupID":  "4777e1a2-6c43-44b2-9354-19be87a31f35",
        "GroupOnPremID":  null,
        "MemberName":  "Greg",
        "MemberID":  "5c7391de-553a-4eaf-8a8b-78e1b09bf9ea",
        "MemberType":  "User",
        "MemberOnPremID":  null
    },
    {
        "GroupName":  "TestGroup1",
        "GroupID":  "4777e1a2-6c43-44b2-9354-19be87a31f35",
        "GroupOnPremID":  null,
        "MemberName":  "TestGroup2",
        "MemberID":  "9389ae52-be9f-4a25-879e-a8f99f40248b",
        "MemberType":  "Group",
        "MemberOnPremID":  null
    },
    {
        "GroupName":  "All Company",
        "GroupID":  "6c0fc408-36c6-430b-846d-3634f1b37fad",
        "GroupOnPremID":  null,
        "MemberName":  "Marius Elmiger",
        "MemberID":  "eba21874-b707-41be-9eca-84f9e85e5bff",
        "MemberType":  "User",
        "MemberOnPremID":  null
    },
    {
        "GroupName":  "TestRole",
        "GroupID":  "8a6ec3b3-52e0-4762-b7d5-2f0e9505971f",
        "GroupOnPremID":  null,
        "MemberName":  "marius",
        "MemberID":  "42ec6526-b5e0-4ff1-bb0a-c3f1a1595d36",
        "MemberType":  "User",
        "MemberOnPremID":  null
    },
    {
        "GroupName":  "TestRole",
        "GroupID":  "8a6ec3b3-52e0-4762-b7d5-2f0e9505971f",
        "GroupOnPremID":  null,
        "MemberName":  "Fenring",
        "MemberID":  "8981540e-7aa8-4001-83e8-f2fdfda46b6c",
        "MemberType":  "User",
        "MemberOnPremID":  null
    },
    {
        "GroupName":  "TestGroup2",
        "GroupID":  "9389ae52-be9f-4a25-879e-a8f99f40248b",
        "GroupOnPremID":  null,
        "MemberName":  "Leto",
        "MemberID":  "569d91c1-8f8c-4ac5-aaf8-9e753f7e45df",
        "MemberType":  "User",
        "MemberOnPremID":  null
    },
    {
        "GroupName":  "019840",
        "GroupID":  "9f803c8e-a3ec-42f4-999a-4ac044b2d2e1",
        "GroupOnPremID":  null,
        "MemberName":  "Marius Elmiger",
        "MemberID":  "eba21874-b707-41be-9eca-84f9e85e5bff",
        "MemberType":  "User",
        "MemberOnPremID":  null
    },
    {
        "GroupName":  "019840",
        "GroupID":  "9f803c8e-a3ec-42f4-999a-4ac044b2d2e1",
        "GroupOnPremID":  null,
        "MemberName":  "marius",
        "MemberID":  "42ec6526-b5e0-4ff1-bb0a-c3f1a1595d36",
        "MemberType":  "User",
        "MemberOnPremID":  null
    },
    {
        "GroupName":  "019840",
        "GroupID":  "9f803c8e-a3ec-42f4-999a-4ac044b2d2e1",
        "GroupOnPremID":  null,
        "MemberName":  "Greg",
        "MemberID":  "5c7391de-553a-4eaf-8a8b-78e1b09bf9ea",
        "MemberType":  "User",
        "MemberOnPremID":  null
    },
    {
        "GroupName":  "019840",
        "GroupID":  "9f803c8e-a3ec-42f4-999a-4ac044b2d2e1",
        "GroupOnPremID":  null,
        "MemberName":  "stilgar",
        "MemberID":  "a7fd540b-2662-457b-9809-29cd48451ea5",
        "MemberType":  "User",
        "MemberOnPremID":  null
    },
    {
        "GroupName":  "019840",
        "GroupID":  "9f803c8e-a3ec-42f4-999a-4ac044b2d2e1",
        "GroupOnPremID":  null,
        "MemberName":  "Alia",
        "MemberID":  "b75fa3ba-a9b0-439a-a1cd-e395903a18f9",
        "MemberType":  "User",
        "MemberOnPremID":  null
    },
    {
        "GroupName":  "019840",
        "GroupID":  "9f803c8e-a3ec-42f4-999a-4ac044b2d2e1",
        "GroupOnPremID":  null,
        "MemberName":  "Fenring",
        "MemberID":  "8981540e-7aa8-4001-83e8-f2fdfda46b6c",
        "MemberType":  "User",
        "MemberOnPremID":  null
    },
    {
        "GroupName":  "019840",
        "GroupID":  "9f803c8e-a3ec-42f4-999a-4ac044b2d2e1",
        "GroupOnPremID":  null,
        "MemberName":  "Liet",
        "MemberID":  "b0289fd9-24fc-46d4-ab30-55252f89031c",
        "MemberType":  "User",
        "MemberOnPremID":  null
    },
    {
        "GroupName":  "019840",
        "GroupID":  "9f803c8e-a3ec-42f4-999a-4ac044b2d2e1",
        "GroupOnPremID":  null,
        "MemberName":  "Idaho",
        "MemberID":  "849444c2-dddf-4227-92a7-4299871d6b86",
        "MemberType":  "User",
        "MemberOnPremID":  null
    },
    {
        "GroupName":  "019840",
        "GroupID":  "9f803c8e-a3ec-42f4-999a-4ac044b2d2e1",
        "GroupOnPremID":  null,
        "MemberName":  "yueh",
        "MemberID":  "c31b38ae-db3f-48c7-9e04-949d54b6e780",
        "MemberType":  "User",
        "MemberOnPremID":  null
    },
    {
        "GroupName":  "019840",
        "GroupID":  "9f803c8e-a3ec-42f4-999a-4ac044b2d2e1",
        "GroupOnPremID":  null,
        "MemberName":  "Rabban",
        "MemberID":  "3bffb11a-b991-4d1f-b29f-c7d0096198bd",
        "MemberType":  "User",
        "MemberOnPremID":  null
    },
    {
        "GroupName":  "019840",
        "GroupID":  "9f803c8e-a3ec-42f4-999a-4ac044b2d2e1",
        "GroupOnPremID":  null,
        "MemberName":  "Atreides",
        "MemberID":  "0dc078ac-4299-4abb-a9d6-c8145d60d11e",
        "MemberType":  "User",
        "MemberOnPremID":  null
    },
    {
        "GroupName":  "019840",
        "GroupID":  "9f803c8e-a3ec-42f4-999a-4ac044b2d2e1",
        "GroupOnPremID":  null,
        "MemberName":  "Xavier",
        "MemberID":  "cbf00265-c272-4ec1-917a-2b6469b51fa1",
        "MemberType":  "User",
        "MemberOnPremID":  null
    },
    {
        "GroupName":  "SG-RES-DB-KayTuesso-db_owner",
        "GroupID":  "bd800219-3819-4f89-9f41-261ccf3a3d1a",
        "GroupOnPremID":  null,
        "MemberName":  "marius",
        "MemberID":  "42ec6526-b5e0-4ff1-bb0a-c3f1a1595d36",
        "MemberType":  "User",
        "MemberOnPremID":  null
    },
    {
        "GroupName":  "SG-RES-DB-KayTuesso-db_owner",
        "GroupID":  "bd800219-3819-4f89-9f41-261ccf3a3d1a",
        "GroupOnPremID":  null,
        "MemberName":  "Greg",
        "MemberID":  "5c7391de-553a-4eaf-8a8b-78e1b09bf9ea",
        "MemberType":  "User",
        "MemberOnPremID":  null
    },
    {
        "GroupName":  "DevOpsRole-Project Collection Administrators",
        "GroupID":  "c19a9d3c-cbc2-468b-a809-2137f53154aa",
        "GroupOnPremID":  null,
        "MemberName":  "Leto",
        "MemberID":  "569d91c1-8f8c-4ac5-aaf8-9e753f7e45df",
        "MemberType":  "User",
        "MemberOnPremID":  null
    }
	]
}
