{
	"meta": {
		"count": 8,
		"type": "azgroups",
		"version": 4
	},
	"data": [
    {
        "displayName":  "Azure ATP 019840 Administrators",
        "onPremisesSecurityIdentifier":  null,
        "objectid":  "03f933ef-2d65-44f0-acae-90d35df2b67a",
        "tenantId":  "d2fa7646-d9d8-44c9-90e9-f26e0e5e20ec",
        "email":  null,
        "groupType":  "Security",
        "securityIdentifier":  "S-1-12-1-66663407-1156590949-3549474476-2058809949",
        "description":  null,
        "proxyAddresses":  [

                           ],
        "createdDateTime":  "2021-11-27T16:00:20Z",
        "onPremisesDomainName":  null,
        "isAssignableToRole":  null
    },
    {
        "displayName":  "TestGroup1",
        "onPremisesSecurityIdentifier":  null,
        "objectid":  "4777e1a2-6c43-44b2-9354-19be87a31f35",
        "tenantId":  "d2fa7646-d9d8-44c9-90e9-f26e0e5e20ec",
        "email":  null,
        "groupType":  "Security",
        "securityIdentifier":  "S-1-12-1-1199038882-1152543811-3189331091-891265927",
        "description":  null,
        "proxyAddresses":  [

                           ],
        "createdDateTime":  "2021-12-29T15:33:49Z",
        "onPremisesDomainName":  null,
        "isAssignableToRole":  null
    },
    {
        "displayName":  "All Company",
        "onPremisesSecurityIdentifier":  null,
        "objectid":  "6c0fc408-36c6-430b-846d-3634f1b37fad",
        "tenantId":  "d2fa7646-d9d8-44c9-90e9-f26e0e5e20ec",
        "email":  "allcompany@019840.onmicrosoft.com",
        "groupType":  "Unified",
        "securityIdentifier":  "S-1-12-1-1812972552-1124808390-875982212-2910827505",
        "description":  "This is the default group for everyone in the network",
        "proxyAddresses":  [
                               "SMTP:allcompany@019840.onmicrosoft.com"
                           ],
        "createdDateTime":  "2021-01-23T22:20:46Z",
        "onPremisesDomainName":  null,
        "isAssignableToRole":  null
    },
    {
        "displayName":  "TestGroup2",
        "onPremisesSecurityIdentifier":  null,
        "objectid":  "9389ae52-be9f-4a25-879e-a8f99f40248b",
        "tenantId":  "d2fa7646-d9d8-44c9-90e9-f26e0e5e20ec",
        "email":  null,
        "groupType":  "Security",
        "securityIdentifier":  "S-1-12-1-2475273810-1243987615-4188577415-2334408863",
        "description":  "MemberOf-TestGroup1",
        "proxyAddresses":  [

                           ],
        "createdDateTime":  "2022-01-09T14:55:34Z",
        "onPremisesDomainName":  null,
        "isAssignableToRole":  null
    },
    {
        "displayName":  "019840",
        "onPremisesSecurityIdentifier":  null,
        "objectid":  "9f803c8e-a3ec-42f4-999a-4ac044b2d2e1",
        "tenantId":  "d2fa7646-d9d8-44c9-90e9-f26e0e5e20ec",
        "email":  "019840@019840.onmicrosoft.com",
        "groupType":  "Unified",
        "securityIdentifier":  "S-1-12-1-2675981454-1123329004-3226114713-3788681796",
        "description":  null,
        "proxyAddresses":  [
                               "SMTP:019840@019840.onmicrosoft.com"
                           ],
        "createdDateTime":  "2021-01-23T22:20:46Z",
        "onPremisesDomainName":  null,
        "isAssignableToRole":  null
    },
    {
        "displayName":  "Azure ATP 019840 Viewers",
        "onPremisesSecurityIdentifier":  null,
        "objectid":  "ac72559a-e7fe-4abe-a847-afa3b1954975",
        "tenantId":  "d2fa7646-d9d8-44c9-90e9-f26e0e5e20ec",
        "email":  null,
        "groupType":  "Security",
        "securityIdentifier":  "S-1-12-1-2893174170-1254025214-2746173352-1967756721",
        "description":  null,
        "proxyAddresses":  [

                           ],
        "createdDateTime":  "2021-11-27T16:00:20Z",
        "onPremisesDomainName":  null,
        "isAssignableToRole":  null
    },
    {
        "displayName":  "SG-RES-DB-KayTuesso-db_owner",
        "onPremisesSecurityIdentifier":  null,
        "objectid":  "bd800219-3819-4f89-9f41-261ccf3a3d1a",
        "tenantId":  "d2fa7646-d9d8-44c9-90e9-f26e0e5e20ec",
        "email":  null,
        "groupType":  "Security",
        "securityIdentifier":  "S-1-12-1-3179282969-1334392857-472269215-440220367",
        "description":  "Security Group Resource Database KayTuesso - db_owner",
        "proxyAddresses":  [

                           ],
        "createdDateTime":  "2021-11-27T15:55:40Z",
        "onPremisesDomainName":  null,
        "isAssignableToRole":  null
    },
    {
        "displayName":  "Azure ATP 019840 Users",
        "onPremisesSecurityIdentifier":  null,
        "objectid":  "dd122cd4-314d-48c6-a5c0-2fa3a175d0c6",
        "tenantId":  "d2fa7646-d9d8-44c9-90e9-f26e0e5e20ec",
        "email":  null,
        "groupType":  "Security",
        "securityIdentifier":  "S-1-12-1-3708955860-1220948301-2737815717-3335550369",
        "description":  null,
        "proxyAddresses":  [

                           ],
        "createdDateTime":  "2021-11-27T16:00:20Z",
        "onPremisesDomainName":  null,
        "isAssignableToRole":  null
    }
	]
}
