{
	"meta": {
		"count": 2,
		"type": "azkeyvaults",
		"version": 4
	},
	"data": [
    {
        "displayname":  "KV-CH-KayTuesso",
        "objectid":  "/subscriptions/123c7b55-76b8-4980-9c02-10ab8ec23f20/resourceGroups/RG-CH-KayTuesso/providers/Microsoft.KeyVault/vaults/KV-CH-KayTuesso",
        "resourceGroupName":  "RG-CH-KayTuesso",
        "resoucreGroupSub":  "123c7b55-76b8-4980-9c02-10ab8ec23f20",
        "resourceGroupId":  "/subscriptions/123c7b55-76b8-4980-9c02-10ab8ec23f20/resourceGroups/RG-CH-KayTuesso",
        "tags":  {

                 }
    },
    {
        "displayname":  "test6d67",
        "objectid":  "/subscriptions/b1f16657-dd6b-4dc6-ac0a-8de1a884d403/resourceGroups/01-Assessment/providers/Microsoft.KeyVault/vaults/test6d67",
        "resourceGroupName":  "01-Assessment",
        "resoucreGroupSub":  "b1f16657-dd6b-4dc6-ac0a-8de1a884d403",
        "resourceGroupId":  "/subscriptions/b1f16657-dd6b-4dc6-ac0a-8de1a884d403/resourceGroups/01-Assessment",
        "tags":  {

                 }
    }
	]
}
