{
	"meta": {
		"count": 8,
		"type": "azresourcegroups",
		"version": 4
	},
	"data": [
    {
        "displayname":  "NetworkWatcherRG",
        "subscriptionId":  "123c7b55-76b8-4980-9c02-10ab8ec23f20",
        "resourceGroupId":  "/subscriptions/123c7b55-76b8-4980-9c02-10ab8ec23f20/resourceGroups/NetworkWatcherRG"
    },
    {
        "displayname":  "CloudShell6d67",
        "subscriptionId":  "123c7b55-76b8-4980-9c02-10ab8ec23f20",
        "resourceGroupId":  "/subscriptions/123c7b55-76b8-4980-9c02-10ab8ec23f20/resourceGroups/CloudShell6d67"
    },
    {
        "displayname":  "Assessment",
        "subscriptionId":  "123c7b55-76b8-4980-9c02-10ab8ec23f20",
        "resourceGroupId":  "/subscriptions/123c7b55-76b8-4980-9c02-10ab8ec23f20/resourceGroups/Assessment"
    },
    {
        "displayname":  "00-Logging",
        "subscriptionId":  "123c7b55-76b8-4980-9c02-10ab8ec23f20",
        "resourceGroupId":  "/subscriptions/123c7b55-76b8-4980-9c02-10ab8ec23f20/resourceGroups/00-Logging"
    },
    {
        "displayname":  "RG-CH-KayTuesso-Synchronize",
        "subscriptionId":  "123c7b55-76b8-4980-9c02-10ab8ec23f20",
        "resourceGroupId":  "/subscriptions/123c7b55-76b8-4980-9c02-10ab8ec23f20/resourceGroups/RG-CH-KayTuesso-Synchronize"
    },
    {
        "displayname":  "RG-CH-KayTuesso",
        "subscriptionId":  "123c7b55-76b8-4980-9c02-10ab8ec23f20",
        "resourceGroupId":  "/subscriptions/123c7b55-76b8-4980-9c02-10ab8ec23f20/resourceGroups/RG-CH-KayTuesso"
    },
    {
        "displayname":  "DefaultResourceGroup-CHN",
        "subscriptionId":  "123c7b55-76b8-4980-9c02-10ab8ec23f20",
        "resourceGroupId":  "/subscriptions/123c7b55-76b8-4980-9c02-10ab8ec23f20/resourceGroups/DefaultResourceGroup-CHN"
    },
    {
        "displayname":  "01-Assessment",
        "subscriptionId":  "b1f16657-dd6b-4dc6-ac0a-8de1a884d403",
        "resourceGroupId":  "/subscriptions/b1f16657-dd6b-4dc6-ac0a-8de1a884d403/resourceGroups/01-Assessment"
    }
	]
}
