{
	"meta": {
		"count": 18,
		"type": "azrolesAndAssignments",
		"version": 4
	},
	"data": [
    {
        "roleDisplayName":  "Password Administrator",
        "roleojectid":  "966707d0-3269-4727-9be2-8c3a10f19b9d",
        "roleTemplateId":  "966707d0-3269-4727-9be2-8c3a10f19b9d",
        "roleType":  "BuiltInRole",
        "roleDefinitionId":  "966707d0-3269-4727-9be2-8c3a10f19b9d",
        "member":  "3a2e5c1f-84f6-4d2c-9f1f-8e51d2d6f7cf",
        "startDateTime":  "2022-02-15T14:34:08.917Z",
        "endDateTime":  null,
        "memberType":  "Direct",
        "assignmentState":  "EligibleTo",
        "status":  "Provisioned",
        "tenantId":  "d2fa7646-d9d8-44c9-90e9-f26e0e5e20ec"
    },
    {
        "roleDisplayName":  "Authentication Administrator",
        "roleojectid":  "c4e39bd9-1100-46d3-8c65-fb160da0071f",
        "roleTemplateId":  "c4e39bd9-1100-46d3-8c65-fb160da0071f",
        "roleType":  "BuiltInRole",
        "roleDefinitionId":  "c4e39bd9-1100-46d3-8c65-fb160da0071f",
        "member":  "b0289fd9-24fc-46d4-ab30-55252f89031c",
        "startDateTime":  "2022-02-15T14:33:50.943Z",
        "endDateTime":  null,
        "memberType":  "Direct",
        "assignmentState":  "EligibleTo",
        "status":  "Provisioned",
        "tenantId":  "d2fa7646-d9d8-44c9-90e9-f26e0e5e20ec"
    },
    {
        "roleDisplayName":  "Azure DevOps Administrator",
        "roleojectid":  "e3973bdf-4987-49ae-837a-ba8e231c7286",
        "roleTemplateId":  "e3973bdf-4987-49ae-837a-ba8e231c7286",
        "roleType":  "BuiltInRole",
        "roleDefinitionId":  "e3973bdf-4987-49ae-837a-ba8e231c7286",
        "member":  "a7fd540b-2662-457b-9809-29cd48451ea5",
        "startDateTime":  "2022-02-06T13:18:16.42Z",
        "endDateTime":  null,
        "memberType":  "Direct",
        "assignmentState":  "EligibleTo",
        "status":  "Provisioned",
        "tenantId":  "d2fa7646-d9d8-44c9-90e9-f26e0e5e20ec"
    },
    {
        "roleDisplayName":  "Directory Readers",
        "roleojectid":  "88d8e3e3-8f55-4a1e-953a-9b9898b8876b",
        "roleTemplateId":  "88d8e3e3-8f55-4a1e-953a-9b9898b8876b",
        "roleType":  "BuiltInRole",
        "roleDefinitionId":  "88d8e3e3-8f55-4a1e-953a-9b9898b8876b",
        "member":  "01eb1855-f5d1-438d-8ddd-f0b9d44f9eed",
        "startDateTime":  null,
        "endDateTime":  null,
        "memberType":  "Direct",
        "assignmentState":  "PermanentTo",
        "status":  "Accepted",
        "tenantId":  "d2fa7646-d9d8-44c9-90e9-f26e0e5e20ec"
    },
    {
        "roleDisplayName":  "Directory Readers",
        "roleojectid":  "88d8e3e3-8f55-4a1e-953a-9b9898b8876b",
        "roleTemplateId":  "88d8e3e3-8f55-4a1e-953a-9b9898b8876b",
        "roleType":  "BuiltInRole",
        "roleDefinitionId":  "88d8e3e3-8f55-4a1e-953a-9b9898b8876b",
        "member":  "be8e6a92-4279-4150-9cce-1a559d65b546",
        "startDateTime":  null,
        "endDateTime":  null,
        "memberType":  "Direct",
        "assignmentState":  "PermanentTo",
        "status":  "Accepted",
        "tenantId":  "d2fa7646-d9d8-44c9-90e9-f26e0e5e20ec"
    },
    {
        "roleDisplayName":  "Helpdesk Administrator",
        "roleojectid":  "729827e3-9c14-49f7-bb1b-9608f156bbb8",
        "roleTemplateId":  "729827e3-9c14-49f7-bb1b-9608f156bbb8",
        "roleType":  "BuiltInRole",
        "roleDefinitionId":  "729827e3-9c14-49f7-bb1b-9608f156bbb8",
        "member":  "849444c2-dddf-4227-92a7-4299871d6b86",
        "startDateTime":  "2022-02-15T14:33:29.56Z",
        "endDateTime":  null,
        "memberType":  "Direct",
        "assignmentState":  "EligibleTo",
        "status":  "Provisioned",
        "tenantId":  "d2fa7646-d9d8-44c9-90e9-f26e0e5e20ec"
    },
    {
        "roleDisplayName":  "User Administrator",
        "roleojectid":  "fe930be7-5e62-47db-91af-98c3a49a38b1",
        "roleTemplateId":  "fe930be7-5e62-47db-91af-98c3a49a38b1",
        "roleType":  "BuiltInRole",
        "roleDefinitionId":  "fe930be7-5e62-47db-91af-98c3a49a38b1",
        "member":  "74153b82-a6cd-4bce-a25b-3923a233a67f",
        "startDateTime":  "2022-02-15T14:33:12.83Z",
        "endDateTime":  null,
        "memberType":  "Direct",
        "assignmentState":  "EligibleTo",
        "status":  "Provisioned",
        "tenantId":  "d2fa7646-d9d8-44c9-90e9-f26e0e5e20ec"
    },
    {
        "roleDisplayName":  "Cloud Application Administrator",
        "roleojectid":  "158c047a-c907-4556-b7ef-446551a6b5f7",
        "roleTemplateId":  "158c047a-c907-4556-b7ef-446551a6b5f7",
        "roleType":  "BuiltInRole",
        "roleDefinitionId":  "158c047a-c907-4556-b7ef-446551a6b5f7",
        "member":  "569d91c1-8f8c-4ac5-aaf8-9e753f7e45df",
        "startDateTime":  "2022-02-16T08:35:07.457Z",
        "endDateTime":  null,
        "memberType":  "Direct",
        "assignmentState":  "EligibleTo",
        "status":  "Provisioned",
        "tenantId":  "d2fa7646-d9d8-44c9-90e9-f26e0e5e20ec"
    },
    {
        "roleDisplayName":  "Privileged Authentication Administrator",
        "roleojectid":  "7be44c8a-adaf-4e2a-84d6-ab2649e08a13",
        "roleTemplateId":  "7be44c8a-adaf-4e2a-84d6-ab2649e08a13",
        "roleType":  "BuiltInRole",
        "roleDefinitionId":  "7be44c8a-adaf-4e2a-84d6-ab2649e08a13",
        "member":  "3ceeed06-17f1-4ebe-92a4-fcb2d9879d57",
        "startDateTime":  "2022-02-15T14:32:56.877Z",
        "endDateTime":  null,
        "memberType":  "Direct",
        "assignmentState":  "EligibleTo",
        "status":  "Provisioned",
        "tenantId":  "d2fa7646-d9d8-44c9-90e9-f26e0e5e20ec"
    },
    {
        "roleDisplayName":  "Application Administrator",
        "roleojectid":  "9b895d92-2cd3-44c7-9d02-a6ac2d5ea5c3",
        "roleTemplateId":  "9b895d92-2cd3-44c7-9d02-a6ac2d5ea5c3",
        "roleType":  "BuiltInRole",
        "roleDefinitionId":  "9b895d92-2cd3-44c7-9d02-a6ac2d5ea5c3",
        "member":  "8a6ec3b3-52e0-4762-b7d5-2f0e9505971f",
        "startDateTime":  "2021-12-29T15:24:23.777Z",
        "endDateTime":  null,
        "memberType":  "Direct",
        "assignmentState":  "EligibleTo",
        "status":  "Provisioned",
        "tenantId":  "d2fa7646-d9d8-44c9-90e9-f26e0e5e20ec"
    },
    {
        "roleDisplayName":  "Global Administrator",
        "roleojectid":  "62e90394-69f5-4237-9190-012177145e10",
        "roleTemplateId":  "62e90394-69f5-4237-9190-012177145e10",
        "roleType":  "BuiltInRole",
        "roleDefinitionId":  "62e90394-69f5-4237-9190-012177145e10",
        "member":  "42ec6526-b5e0-4ff1-bb0a-c3f1a1595d36",
        "startDateTime":  "2022-02-25T15:15:38.437Z",
        "endDateTime":  "2022-02-26T15:15:37.997Z",
        "memberType":  "Direct",
        "assignmentState":  "ActivatedTo",
        "status":  "Provisioned",
        "tenantId":  "d2fa7646-d9d8-44c9-90e9-f26e0e5e20ec"
    },
    {
        "roleDisplayName":  "Global Administrator",
        "roleojectid":  "62e90394-69f5-4237-9190-012177145e10",
        "roleTemplateId":  "62e90394-69f5-4237-9190-012177145e10",
        "roleType":  "BuiltInRole",
        "roleDefinitionId":  "62e90394-69f5-4237-9190-012177145e10",
        "member":  "42ec6526-b5e0-4ff1-bb0a-c3f1a1595d36",
        "startDateTime":  "2021-11-27T15:14:47.3Z",
        "endDateTime":  null,
        "memberType":  "Direct",
        "assignmentState":  "EligibleTo",
        "status":  "Provisioned",
        "tenantId":  "d2fa7646-d9d8-44c9-90e9-f26e0e5e20ec"
    },
    {
        "roleDisplayName":  "Global Administrator",
        "roleojectid":  "62e90394-69f5-4237-9190-012177145e10",
        "roleTemplateId":  "62e90394-69f5-4237-9190-012177145e10",
        "roleType":  "BuiltInRole",
        "roleDefinitionId":  "62e90394-69f5-4237-9190-012177145e10",
        "member":  "eba21874-b707-41be-9eca-84f9e85e5bff",
        "startDateTime":  null,
        "endDateTime":  null,
        "memberType":  "Direct",
        "assignmentState":  "PermanentTo",
        "status":  "Accepted",
        "tenantId":  "d2fa7646-d9d8-44c9-90e9-f26e0e5e20ec"
    },
    {
        "roleDisplayName":  "Global Administrator",
        "roleojectid":  "62e90394-69f5-4237-9190-012177145e10",
        "roleTemplateId":  "62e90394-69f5-4237-9190-012177145e10",
        "roleType":  "BuiltInRole",
        "roleDefinitionId":  "62e90394-69f5-4237-9190-012177145e10",
        "member":  "5c7391de-553a-4eaf-8a8b-78e1b09bf9ea",
        "startDateTime":  "2021-11-27T15:21:40.73Z",
        "endDateTime":  null,
        "memberType":  "Direct",
        "assignmentState":  "EligibleTo",
        "status":  "Provisioned",
        "tenantId":  "d2fa7646-d9d8-44c9-90e9-f26e0e5e20ec"
    },
    {
        "roleDisplayName":  "Global Administrator",
        "roleojectid":  "62e90394-69f5-4237-9190-012177145e10",
        "roleTemplateId":  "62e90394-69f5-4237-9190-012177145e10",
        "roleType":  "BuiltInRole",
        "roleDefinitionId":  "62e90394-69f5-4237-9190-012177145e10",
        "member":  "8f5021d4-5a7f-4522-829e-48304b5221e1",
        "startDateTime":  "2021-11-27T15:41:14.277Z",
        "endDateTime":  null,
        "memberType":  "Direct",
        "assignmentState":  "EligibleTo",
        "status":  "Provisioned",
        "tenantId":  "d2fa7646-d9d8-44c9-90e9-f26e0e5e20ec"
    },
    {
        "roleDisplayName":  "Global Reader",
        "roleojectid":  "f2ef992c-3afb-46b9-b7cf-a126ee74c451",
        "roleTemplateId":  "f2ef992c-3afb-46b9-b7cf-a126ee74c451",
        "roleType":  "BuiltInRole",
        "roleDefinitionId":  "f2ef992c-3afb-46b9-b7cf-a126ee74c451",
        "member":  "57896555-b0e5-41d4-a45f-5feb07a50c58",
        "startDateTime":  "2021-11-28T20:43:16.277Z",
        "endDateTime":  null,
        "memberType":  "Direct",
        "assignmentState":  "PermanentTo",
        "status":  "Provisioned",
        "tenantId":  "d2fa7646-d9d8-44c9-90e9-f26e0e5e20ec"
    },
    {
        "roleDisplayName":  "Groups Administrator",
        "roleojectid":  "fdd7a751-b60b-444a-984c-02652fe8fa1c",
        "roleTemplateId":  "fdd7a751-b60b-444a-984c-02652fe8fa1c",
        "roleType":  "BuiltInRole",
        "roleDefinitionId":  "fdd7a751-b60b-444a-984c-02652fe8fa1c",
        "member":  "b75fa3ba-a9b0-439a-a1cd-e395903a18f9",
        "startDateTime":  "2022-02-16T08:42:29.89Z",
        "endDateTime":  null,
        "memberType":  "Direct",
        "assignmentState":  "EligibleTo",
        "status":  "Provisioned",
        "tenantId":  "d2fa7646-d9d8-44c9-90e9-f26e0e5e20ec"
    },
    {
        "roleDisplayName":  "Privileged Role Administrator",
        "roleojectid":  "e8611ab8-c189-46e8-94e1-60213ab1f814",
        "roleTemplateId":  "e8611ab8-c189-46e8-94e1-60213ab1f814",
        "roleType":  "BuiltInRole",
        "roleDefinitionId":  "e8611ab8-c189-46e8-94e1-60213ab1f814",
        "member":  "eba21874-b707-41be-9eca-84f9e85e5bff",
        "startDateTime":  "2022-02-16T08:49:53.997Z",
        "endDateTime":  null,
        "memberType":  "Direct",
        "assignmentState":  "EligibleTo",
        "status":  "Provisioned",
        "tenantId":  "d2fa7646-d9d8-44c9-90e9-f26e0e5e20ec"
    }
	]
}
