{
	"meta": {
		"count": 3,
		"type": "azrolegroups",
		"version": 4
	},
	"data": [
    {
        "displayName":  "TestRole",
        "objectid":  "8a6ec3b3-52e0-4762-b7d5-2f0e9505971f",
        "tenantId":  "d2fa7646-d9d8-44c9-90e9-f26e0e5e20ec",
        "email":  null,
        "groupType":  "Security",
        "securityIdentifier":  "S-1-12-1-2322514867-1197626080-238015927-529991061",
        "description":  null,
        "proxyAddresses":  [

                           ],
        "createdDateTime":  "2021-12-29T15:20:17Z",
        "isAssignableToRole":  true
    },
    {
        "displayName":  "DevOpsRole-Build Administrators",
        "objectid":  "b6baa998-a404-4827-acd1-5c504d89b493",
        "tenantId":  "d2fa7646-d9d8-44c9-90e9-f26e0e5e20ec",
        "email":  null,
        "groupType":  "Security",
        "securityIdentifier":  "S-1-12-1-3065686424-1210557444-1348260268-2478082381",
        "description":  null,
        "proxyAddresses":  [

                           ],
        "createdDateTime":  "2022-02-20T15:02:48Z",
        "isAssignableToRole":  true
    },
    {
        "displayName":  "DevOpsRole-Project Collection Administrators",
        "objectid":  "c19a9d3c-cbc2-468b-a809-2137f53154aa",
        "tenantId":  "d2fa7646-d9d8-44c9-90e9-f26e0e5e20ec",
        "email":  null,
        "groupType":  "Security",
        "securityIdentifier":  "S-1-12-1-3248135484-1183566786-924912040-2857644533",
        "description":  null,
        "proxyAddresses":  [

                           ],
        "createdDateTime":  "2022-02-06T13:17:09Z",
        "isAssignableToRole":  true
    }
	]
}
