{
	"meta": {
		"count": 5,
		"type": "azrolegroupsassignments",
		"version": 4
	},
	"data": [
    {
        "roleAssignmentId":  "d1a5dbbd-7e61-4155-8121-ffc277261250",
        "resourceId":  "8a6ec3b3-52e0-4762-b7d5-2f0e9505971f",
        "roleDefinitionId":  "a6062dd7-896f-448e-a417-cab0640c666c",
        "member":  "42ec6526-b5e0-4ff1-bb0a-c3f1a1595d36",
        "startDateTime":  "2021-12-29T15:49:11.997Z",
        "endDateTime":  "2022-06-27T15:48:58.287Z",
        "memberType":  "Direct",
        "assignmentState":  "ActivatedTo",
        "status":  "Provisioned",
        "tenantId":  "d2fa7646-d9d8-44c9-90e9-f26e0e5e20ec"
    },
    {
        "roleAssignmentId":  "d3caf023-8e9e-46bd-a668-160bbe10f44f",
        "resourceId":  "8a6ec3b3-52e0-4762-b7d5-2f0e9505971f",
        "roleDefinitionId":  "3746d1cd-1247-46cb-abbb-b36bc5d36542",
        "member":  "42ec6526-b5e0-4ff1-bb0a-c3f1a1595d36",
        "startDateTime":  "2021-12-29T15:50:35.08Z",
        "endDateTime":  "2022-12-29T15:50:01.657Z",
        "memberType":  "Direct",
        "assignmentState":  "EligibleTo",
        "status":  "Provisioned",
        "tenantId":  "d2fa7646-d9d8-44c9-90e9-f26e0e5e20ec"
    },
    {
        "roleAssignmentId":  "eec3c368-57c0-4c4c-b930-df180a35dd61",
        "resourceId":  "8a6ec3b3-52e0-4762-b7d5-2f0e9505971f",
        "roleDefinitionId":  "a6062dd7-896f-448e-a417-cab0640c666c",
        "member":  "8981540e-7aa8-4001-83e8-f2fdfda46b6c",
        "startDateTime":  null,
        "endDateTime":  null,
        "memberType":  "Direct",
        "assignmentState":  "PermanentTo",
        "status":  "Accepted",
        "tenantId":  "d2fa7646-d9d8-44c9-90e9-f26e0e5e20ec"
    },
    {
        "roleAssignmentId":  "52cb80b6-5e5e-4f6d-815a-5efa2e43dbca",
        "resourceId":  "b6baa998-a404-4827-acd1-5c504d89b493",
        "roleDefinitionId":  "38e910c1-e576-4603-9b3b-f2f8c8afe512",
        "member":  "3bffb11a-b991-4d1f-b29f-c7d0096198bd",
        "startDateTime":  "2022-02-20T15:14:44.59Z",
        "endDateTime":  "2023-02-20T15:14:25.657Z",
        "memberType":  "Direct",
        "assignmentState":  "EligibleTo",
        "status":  "Provisioned",
        "tenantId":  "d2fa7646-d9d8-44c9-90e9-f26e0e5e20ec"
    },
    {
        "roleAssignmentId":  "f8ea0229-14a9-4e32-ada3-b2196fbc1b46",
        "resourceId":  "c19a9d3c-cbc2-468b-a809-2137f53154aa",
        "roleDefinitionId":  "cc93481f-add2-4dc3-ab28-648dbeada083",
        "member":  "569d91c1-8f8c-4ac5-aaf8-9e753f7e45df",
        "startDateTime":  null,
        "endDateTime":  null,
        "memberType":  "Direct",
        "assignmentState":  "PermanentTo",
        "status":  "Accepted",
        "tenantId":  "d2fa7646-d9d8-44c9-90e9-f26e0e5e20ec"
    }
	]
}
