{
	"meta": {
		"count": 4,
		"type": "azSpAppRoleAssignments",
		"version": 4
	},
	"data": [
    {
        "servicePrincipalObjectId":  "703d81bd-d894-438b-8d75-f5f7c7e6493c",
        "appId":  "a8f0df80-e717-44ef-97c2-40f9dae5dcd1",
        "principalType":  "User",
        "principalId":  "42ec6526-b5e0-4ff1-bb0a-c3f1a1595d36"
    },
    {
        "servicePrincipalObjectId":  "703d81bd-d894-438b-8d75-f5f7c7e6493c",
        "appId":  "a8f0df80-e717-44ef-97c2-40f9dae5dcd1",
        "principalType":  "User",
        "principalId":  "42ec6526-b5e0-4ff1-bb0a-c3f1a1595d36"
    },
    {
        "servicePrincipalObjectId":  "703d81bd-d894-438b-8d75-f5f7c7e6493c",
        "appId":  "a8f0df80-e717-44ef-97c2-40f9dae5dcd1",
        "principalType":  "Group",
        "principalId":  "4777e1a2-6c43-44b2-9354-19be87a31f35"
    },
    {
        "servicePrincipalObjectId":  "73569310-7157-4b37-8a7b-e488deb8d0b2",
        "appId":  "470a78d0-0c4f-4711-ac31-07cd2f190874",
        "principalType":  "User",
        "principalId":  "42ec6526-b5e0-4ff1-bb0a-c3f1a1595d36"
    }
	]
}
