{
	"meta": {
		"count": 5,
		"type": "azSpOwners",
		"version": 4
	},
	"data": [
    {
        "objectid":  "13167c2a-fd7c-42fe-b8b4-49d6e6130e28",
        "appId":  "d9e5f0b0-fac9-46ae-b001-cc59e8c8c013",
        "OwnerID":  "5c7391de-553a-4eaf-8a8b-78e1b09bf9ea",
        "OwnerType":  "User",
        "OwnerOnPremID":  null
    },
    {
        "objectid":  "37516869-e338-47d3-80b5-a1eb047867b1",
        "appId":  "499b84ac-1321-427f-aa17-267ca6975798",
        "OwnerID":  "42ec6526-b5e0-4ff1-bb0a-c3f1a1595d36",
        "OwnerType":  "User",
        "OwnerOnPremID":  null
    },
    {
        "objectid":  "57896555-b0e5-41d4-a45f-5feb07a50c58",
        "appId":  "5660c068-5965-48a2-afe7-b0094b014e4b",
        "OwnerID":  "42ec6526-b5e0-4ff1-bb0a-c3f1a1595d36",
        "OwnerType":  "User",
        "OwnerOnPremID":  null
    },
    {
        "objectid":  "703d81bd-d894-438b-8d75-f5f7c7e6493c",
        "appId":  "a8f0df80-e717-44ef-97c2-40f9dae5dcd1",
        "OwnerID":  "b75fa3ba-a9b0-439a-a1cd-e395903a18f9",
        "OwnerType":  "User",
        "OwnerOnPremID":  null
    },
    {
        "objectid":  "73569310-7157-4b37-8a7b-e488deb8d0b2",
        "appId":  "470a78d0-0c4f-4711-ac31-07cd2f190874",
        "OwnerID":  "8981540e-7aa8-4001-83e8-f2fdfda46b6c",
        "OwnerType":  "User",
        "OwnerOnPremID":  null
    }
	]
}
