{
	"meta": {
		"count": 5,
		"type": "azSpOAuth2PermissionGrants",
		"version": 4
	},
	"data": [
    {
        "permissionType":  "Delegated",
        "servicePrincipalObjectId":  "a642d450-250d-4909-bdcd-613c1a61ea35",
        "appId":  "de8bc8b5-d9f9-48b1-a8ad-b748da725064",
        "consentType":  "Principal",
        "oAuth2scope":  "DirectoryAccessAsUserAll",
        "oAuth2UserConsentDisplayName":  "Access the directory as you",
        "oAuth2UserConsentDescription":  "Allows the app to have the same access to information in your work or school directory as you do.",
        "principalId":  "42ec6526-b5e0-4ff1-bb0a-c3f1a1595d36",
        "resourceId":  "e744cd00-716e-4e8a-9e59-88aa9fab3b9c",
        "clientId":  "a642d450-250d-4909-bdcd-613c1a61ea35",
        "tenantId":  "d2fa7646-d9d8-44c9-90e9-f26e0e5e20ec"
    },
    {
        "permissionType":  "Delegated",
        "servicePrincipalObjectId":  "a642d450-250d-4909-bdcd-613c1a61ea35",
        "appId":  "de8bc8b5-d9f9-48b1-a8ad-b748da725064",
        "consentType":  "Principal",
        "oAuth2scope":  "DirectoryReadWriteAll",
        "oAuth2UserConsentDisplayName":  "Read and write directory data",
        "oAuth2UserConsentDescription":  "Allows the app to read and write data in your organization\u0027s directory, such as other users, groups.  It does not allow the app to delete users or groups, or reset user passwords.",
        "principalId":  "42ec6526-b5e0-4ff1-bb0a-c3f1a1595d36",
        "resourceId":  "e744cd00-716e-4e8a-9e59-88aa9fab3b9c",
        "clientId":  "a642d450-250d-4909-bdcd-613c1a61ea35",
        "tenantId":  "d2fa7646-d9d8-44c9-90e9-f26e0e5e20ec"
    },
    {
        "permissionType":  "Delegated",
        "servicePrincipalObjectId":  "a642d450-250d-4909-bdcd-613c1a61ea35",
        "appId":  "de8bc8b5-d9f9-48b1-a8ad-b748da725064",
        "consentType":  "Principal",
        "oAuth2scope":  "ApplicationReadWriteAll",
        "oAuth2UserConsentDisplayName":  "Read and write applications",
        "oAuth2UserConsentDescription":  "Allows the app to create, read, update and delete applications and service principals on your behalf. Does not allow management of consent grants.",
        "principalId":  "5c7391de-553a-4eaf-8a8b-78e1b09bf9ea",
        "resourceId":  "e744cd00-716e-4e8a-9e59-88aa9fab3b9c",
        "clientId":  "a642d450-250d-4909-bdcd-613c1a61ea35",
        "tenantId":  "d2fa7646-d9d8-44c9-90e9-f26e0e5e20ec"
    },
    {
        "permissionType":  "Delegated",
        "servicePrincipalObjectId":  "a642d450-250d-4909-bdcd-613c1a61ea35",
        "appId":  "de8bc8b5-d9f9-48b1-a8ad-b748da725064",
        "consentType":  "Principal",
        "oAuth2scope":  "DirectoryAccessAsUserAll",
        "oAuth2UserConsentDisplayName":  "Access the directory as you",
        "oAuth2UserConsentDescription":  "Allows the app to have the same access to information in your work or school directory as you do.",
        "principalId":  "5c7391de-553a-4eaf-8a8b-78e1b09bf9ea",
        "resourceId":  "e744cd00-716e-4e8a-9e59-88aa9fab3b9c",
        "clientId":  "a642d450-250d-4909-bdcd-613c1a61ea35",
        "tenantId":  "d2fa7646-d9d8-44c9-90e9-f26e0e5e20ec"
    },
    {
        "permissionType":  "Delegated",
        "servicePrincipalObjectId":  "a642d450-250d-4909-bdcd-613c1a61ea35",
        "appId":  "de8bc8b5-d9f9-48b1-a8ad-b748da725064",
        "consentType":  "Principal",
        "oAuth2scope":  "DirectoryReadWriteAll",
        "oAuth2UserConsentDisplayName":  "Read and write directory data",
        "oAuth2UserConsentDescription":  "Allows the app to read and write data in your organization\u0027s directory, such as other users, groups.  It does not allow the app to delete users or groups, or reset user passwords.",
        "principalId":  "5c7391de-553a-4eaf-8a8b-78e1b09bf9ea",
        "resourceId":  "e744cd00-716e-4e8a-9e59-88aa9fab3b9c",
        "clientId":  "a642d450-250d-4909-bdcd-613c1a61ea35",
        "tenantId":  "d2fa7646-d9d8-44c9-90e9-f26e0e5e20ec"
    }
	]
}
