{
	"meta": {
		"count": 1,
		"type": "azSpOAuth2PermissionGrantsEveryone",
		"version": 4
	},
	"data": [
    {
        "permissionType":  "Delegated",
        "servicePrincipalObjectId":  "703d81bd-d894-438b-8d75-f5f7c7e6493c",
        "appId":  "a8f0df80-e717-44ef-97c2-40f9dae5dcd1",
        "consentType":  "AllPrincipals",
        "oAuth2scope":  "userimpersonation",
        "oAuth2UserConsentDisplayName":  "Have full access to Visual Studio Team Services REST APIs",
        "oAuth2UserConsentDescription":  "Allow the application full access to the REST APIs provided by Visual Studio Team Services on your behalf",
        "principalId":  "Everyone",
        "resourceId":  "37516869-e338-47d3-80b5-a1eb047867b1",
        "clientId":  "703d81bd-d894-438b-8d75-f5f7c7e6493c",
        "tenantId":  "d2fa7646-d9d8-44c9-90e9-f26e0e5e20ec"
    }
	]
}
