{
	"meta": {
		"count": 3,
		"type": "azSpAppRolePermissions",
		"version": 4
	},
	"data": [
    {
        "permissionType":  "Application",
        "servicePrincipalObjectId":  "13167c2a-fd7c-42fe-b8b4-49d6e6130e28",
        "appId":  "d9e5f0b0-fac9-46ae-b001-cc59e8c8c013",
        "appRoleId":  "06b708a9-e830-4db3-a914-8e69da51d44f",
        "appRoleIdd":  "06b708a9-e830-4db3-a914-8e69da51d44f",
        "appRoleValue":  "AppRoleAssignmentReadWriteAll",
        "appDisplayname":  "Manage app permission grants and app role assignments",
        "appDescription":  "Allows the app to manage permission grants for application permissions to any API (including Microsoft Graph) and application assignments for any app, without a signed-in user.",
        "principalDisplayName":  "019840-Thinking-in-Graphs-123c7b55-76b8-4980-9c02-10ab8ec23f20",
        "principalId":  "13167c2a-fd7c-42fe-b8b4-49d6e6130e28",
        "principalType":  "ServicePrincipal",
        "resourceId":  "e744cd00-716e-4e8a-9e59-88aa9fab3b9c",
        "resourceDisplayName":  "Microsoft Graph",
        "tenantId":  "d2fa7646-d9d8-44c9-90e9-f26e0e5e20ec"
    },
    {
        "permissionType":  "Application",
        "servicePrincipalObjectId":  "703d81bd-d894-438b-8d75-f5f7c7e6493c",
        "appId":  "a8f0df80-e717-44ef-97c2-40f9dae5dcd1",
        "appRoleId":  "9e3f62cf-ca93-4989-b6ce-bf83c28f9fe8",
        "appRoleIdd":  "9e3f62cf-ca93-4989-b6ce-bf83c28f9fe8",
        "appRoleValue":  "RoleManagementReadWriteDirectory",
        "appDisplayname":  "Read and write all directory RBAC settings",
        "appDescription":  "Allows the app to read and manage the role-based access control (RBAC) settings for your company\u0027s directory, without a signed-in user. This includes instantiating directory roles and managing directory role membership, and reading directory role templates, directory roles and memberships.",
        "principalDisplayName":  "myApplication",
        "principalId":  "703d81bd-d894-438b-8d75-f5f7c7e6493c",
        "principalType":  "ServicePrincipal",
        "resourceId":  "e744cd00-716e-4e8a-9e59-88aa9fab3b9c",
        "resourceDisplayName":  "Microsoft Graph",
        "tenantId":  "d2fa7646-d9d8-44c9-90e9-f26e0e5e20ec"
    },
    {
        "permissionType":  "Application",
        "servicePrincipalObjectId":  "73569310-7157-4b37-8a7b-e488deb8d0b2",
        "appId":  "470a78d0-0c4f-4711-ac31-07cd2f190874",
        "appRoleId":  "06b708a9-e830-4db3-a914-8e69da51d44f",
        "appRoleIdd":  "06b708a9-e830-4db3-a914-8e69da51d44f",
        "appRoleValue":  "AppRoleAssignmentReadWriteAll",
        "appDisplayname":  "Manage app permission grants and app role assignments",
        "appDescription":  "Allows the app to manage permission grants for application permissions to any API (including Microsoft Graph) and application assignments for any app, without a signed-in user.",
        "principalDisplayName":  "RoleManagement",
        "principalId":  "73569310-7157-4b37-8a7b-e488deb8d0b2",
        "principalType":  "ServicePrincipal",
        "resourceId":  "e744cd00-716e-4e8a-9e59-88aa9fab3b9c",
        "resourceDisplayName":  "Microsoft Graph",
        "tenantId":  "d2fa7646-d9d8-44c9-90e9-f26e0e5e20ec"
    }
	]
}
