{
	"meta": {
		"count": 4,
		"type": "azSpAppRoleAssignmentsEveryone",
		"version": 4
	},
	"data": [
    {
        "servicePrincipalObjectId":  "13167c2a-fd7c-42fe-b8b4-49d6e6130e28",
        "appId":  "d9e5f0b0-fac9-46ae-b001-cc59e8c8c013",
        "principalType":  "Everyone",
        "PrincipalId":  "d2fa7646-d9d8-44c9-90e9-f26e0e5e20ec"
    },
    {
        "servicePrincipalObjectId":  "57896555-b0e5-41d4-a45f-5feb07a50c58",
        "appId":  "5660c068-5965-48a2-afe7-b0094b014e4b",
        "principalType":  "Everyone",
        "PrincipalId":  "d2fa7646-d9d8-44c9-90e9-f26e0e5e20ec"
    },
    {
        "servicePrincipalObjectId":  "a1fc5448-1a5f-4827-9a76-d8acbb6b1be5",
        "appId":  "058e4ab6-7bfa-4259-be1c-c4367fca59c2",
        "principalType":  "Everyone",
        "PrincipalId":  "d2fa7646-d9d8-44c9-90e9-f26e0e5e20ec"
    },
    {
        "servicePrincipalObjectId":  "d91d9d9e-07e9-4f3a-bdb1-a4277334f4f3",
        "appId":  "6ee41f14-29f7-4442-8e1c-b74ad7fb5a1c",
        "principalType":  "Everyone",
        "PrincipalId":  "d2fa7646-d9d8-44c9-90e9-f26e0e5e20ec"
    }
	]
}
