{
	"meta": {
		"count": 1,
		"type": "aztenant",
		"version": 4
	},
	"data": [
    {
        "objectid":  "d2fa7646-d9d8-44c9-90e9-f26e0e5e20ec",
        "displayname":  "019840 (Test Tenant)",
        "tenantId":  "d2fa7646-d9d8-44c9-90e9-f26e0e5e20ec",
        "verifiedDomains":  [
                                "class VerifiedDomain {\n  Capabilities: Email, OfficeCommunicationsOnline\n  _Default: True\n  Id: 000520000AD15855\n  Initial: True\n  Name: 019840.onmicrosoft.com\n  Type: Managed\n}\n"
                            ],
        "assignedPlans":  [
                              "AADPremiumService",
                              "Adallom",
                              "AzureAdvancedThreatAnalytics",
                              "Bing",
                              "ccibotsprod",
                              "CRM",
                              "Deskless",
                              "exchange",
                              "LearningAppServiceInTeams",
                              "M365CommunicationCompliance",
                              "M365LabelAnalytics",
                              "MicrosoftCommunicationsOnline",
                              "MicrosoftOffice",
                              "MicrosoftStream",
                              "MicrosoftThreatProtection",
                              "MIPExchangeSolutions",
                              "MultiFactorService",
                              "Office365InsiderRisk",
                              "OfficeForms",
                              "PowerAppsService",
                              "PowerBI",
                              "ProcessSimple",
                              "ProjectProgramsAndPortfolios",
                              "ProjectWorkManagement",
                              "RMSOnline",
                              "SCO",
                              "SharePoint",
                              "Sway",
                              "TeamspaceAPI",
                              "To-Do",
                              "WhiteboardServices",
                              "YammerEnterprise"
                          ]
    }
	]
}
