{
	"meta": {
		"count": 24,
		"type": "azusers",
		"version": 4
	},
	"data": [
    {
        "displayname":  "alia",
        "userPrincipalName":  "alia@019840.onmicrosoft.com",
        "onPremisesSecurityIdentifier":  null,
        "email":  null,
        "objectid":  "b75fa3ba-a9b0-439a-a1cd-e395903a18f9",
        "tenantId":  "d2fa7646-d9d8-44c9-90e9-f26e0e5e20ec",
        "enabled":  false,
        "immutableId":  null,
        "jobTitle":  null,
        "mobile":  null,
        "proxyAddresses":  [

                           ],
        "userType":  "Member"
    },
    {
        "displayname":  "arya",
        "userPrincipalName":  "arya@019840.onmicrosoft.com",
        "onPremisesSecurityIdentifier":  null,
        "email":  null,
        "objectid":  "eba21874-b707-41be-9eca-84f9e85e5bff",
        "tenantId":  "d2fa7646-d9d8-44c9-90e9-f26e0e5e20ec",
        "enabled":  true,
        "immutableId":  null,
        "jobTitle":  null,
        "mobile":  null,
        "proxyAddresses":  [
                               "SMTP:arya@019840.onmicrosoft.com"
                           ],
        "userType":  "Member"
    },
    {
        "displayname":  "chani",
        "userPrincipalName":  "chani@019840.onmicrosoft.com",
        "onPremisesSecurityIdentifier":  null,
        "email":  null,
        "objectid":  "3ceeed06-17f1-4ebe-92a4-fcb2d9879d57",
        "tenantId":  "d2fa7646-d9d8-44c9-90e9-f26e0e5e20ec",
        "enabled":  false,
        "immutableId":  null,
        "jobTitle":  null,
        "mobile":  null,
        "proxyAddresses":  [

                           ],
        "userType":  "Member"
    },
    {
        "displayname":  "duncan",
        "userPrincipalName":  "duncan@019840.onmicrosoft.com",
        "onPremisesSecurityIdentifier":  null,
        "email":  null,
        "objectid":  "849444c2-dddf-4227-92a7-4299871d6b86",
        "tenantId":  "d2fa7646-d9d8-44c9-90e9-f26e0e5e20ec",
        "enabled":  false,
        "immutableId":  null,
        "jobTitle":  null,
        "mobile":  null,
        "proxyAddresses":  [

                           ],
        "userType":  "Member"
    },
    {
        "displayname":  "fenring",
        "userPrincipalName":  "fenring@019840.onmicrosoft.com",
        "onPremisesSecurityIdentifier":  null,
        "email":  null,
        "objectid":  "8981540e-7aa8-4001-83e8-f2fdfda46b6c",
        "tenantId":  "d2fa7646-d9d8-44c9-90e9-f26e0e5e20ec",
        "enabled":  false,
        "immutableId":  null,
        "jobTitle":  null,
        "mobile":  null,
        "proxyAddresses":  [

                           ],
        "userType":  "Member"
    },
    {
        "displayname":  "feyd",
        "userPrincipalName":  "feyd@019840.onmicrosoft.com",
        "onPremisesSecurityIdentifier":  null,
        "email":  null,
        "objectid":  "875b7a1f-ba1a-4768-86d2-105072309442",
        "tenantId":  "d2fa7646-d9d8-44c9-90e9-f26e0e5e20ec",
        "enabled":  true,
        "immutableId":  null,
        "jobTitle":  null,
        "mobile":  null,
        "proxyAddresses":  [

                           ],
        "userType":  "Member"
    },
    {
        "displayname":  "greg",
        "userPrincipalName":  "greg@019840.onmicrosoft.com",
        "onPremisesSecurityIdentifier":  null,
        "email":  null,
        "objectid":  "5c7391de-553a-4eaf-8a8b-78e1b09bf9ea",
        "tenantId":  "d2fa7646-d9d8-44c9-90e9-f26e0e5e20ec",
        "enabled":  true,
        "immutableId":  null,
        "jobTitle":  null,
        "mobile":  null,
        "proxyAddresses":  [
                               "smtp:Greg@019840.onmicrosoft.com",
                               "SMTP:reigo@penguinconverters.ch"
                           ],
        "userType":  "Member"
    },
    {
        "displayname":  "gurney",
        "userPrincipalName":  "gurney@019840.onmicrosoft.com",
        "onPremisesSecurityIdentifier":  null,
        "email":  null,
        "objectid":  "74153b82-a6cd-4bce-a25b-3923a233a67f",
        "tenantId":  "d2fa7646-d9d8-44c9-90e9-f26e0e5e20ec",
        "enabled":  false,
        "immutableId":  null,
        "jobTitle":  null,
        "mobile":  null,
        "proxyAddresses":  [

                           ],
        "userType":  "Member"
    },
    {
        "displayname":  "jessica",
        "userPrincipalName":  "jessica@019840.onmicrosoft.com",
        "onPremisesSecurityIdentifier":  null,
        "email":  null,
        "objectid":  "9352d610-7a1b-41da-b6df-ae6c17341cf4",
        "tenantId":  "d2fa7646-d9d8-44c9-90e9-f26e0e5e20ec",
        "enabled":  false,
        "immutableId":  null,
        "jobTitle":  null,
        "mobile":  null,
        "proxyAddresses":  [

                           ],
        "userType":  "Member"
    },
    {
        "displayname":  "leto",
        "userPrincipalName":  "leto@019840.onmicrosoft.com",
        "onPremisesSecurityIdentifier":  null,
        "email":  null,
        "objectid":  "569d91c1-8f8c-4ac5-aaf8-9e753f7e45df",
        "tenantId":  "d2fa7646-d9d8-44c9-90e9-f26e0e5e20ec",
        "enabled":  false,
        "immutableId":  null,
        "jobTitle":  null,
        "mobile":  null,
        "proxyAddresses":  [
                               "smtp:leteo@019840.onmicrosoft.com",
                               "SMTP:leto@019840.onmicrosoft.com"
                           ],
        "userType":  "Member"
    },
    {
        "displayname":  "leto2",
        "userPrincipalName":  "leto2@019840.onmicrosoft.com",
        "onPremisesSecurityIdentifier":  null,
        "email":  null,
        "objectid":  "0dc078ac-4299-4abb-a9d6-c8145d60d11e",
        "tenantId":  "d2fa7646-d9d8-44c9-90e9-f26e0e5e20ec",
        "enabled":  true,
        "immutableId":  null,
        "jobTitle":  null,
        "mobile":  null,
        "proxyAddresses":  [

                           ],
        "userType":  "Member"
    },
    {
        "displayname":  "liet",
        "userPrincipalName":  "liet@019840.onmicrosoft.com",
        "onPremisesSecurityIdentifier":  null,
        "email":  null,
        "objectid":  "b0289fd9-24fc-46d4-ab30-55252f89031c",
        "tenantId":  "d2fa7646-d9d8-44c9-90e9-f26e0e5e20ec",
        "enabled":  false,
        "immutableId":  null,
        "jobTitle":  null,
        "mobile":  null,
        "proxyAddresses":  [

                           ],
        "userType":  "Member"
    },
    {
        "displayname":  "marius",
        "userPrincipalName":  "marius@019840.onmicrosoft.com",
        "onPremisesSecurityIdentifier":  null,
        "email":  null,
        "objectid":  "42ec6526-b5e0-4ff1-bb0a-c3f1a1595d36",
        "tenantId":  "d2fa7646-d9d8-44c9-90e9-f26e0e5e20ec",
        "enabled":  true,
        "immutableId":  null,
        "jobTitle":  null,
        "mobile":  null,
        "proxyAddresses":  [

                           ],
        "userType":  "Member"
    },
    {
        "displayname":  "marius_elmigers.ch#EXT#",
        "userPrincipalName":  "marius_elmigers.ch#EXT#@019840.onmicrosoft.com",
        "onPremisesSecurityIdentifier":  null,
        "email":  null,
        "objectid":  "8f5021d4-5a7f-4522-829e-48304b5221e1",
        "tenantId":  null,
        "enabled":  true,
        "immutableId":  null,
        "jobTitle":  null,
        "mobile":  null,
        "proxyAddresses":  [
                               "SMTP:marius@elmigers.ch"
                           ],
        "userType":  "Guest"
    },
    {
        "displayname":  "miles",
        "userPrincipalName":  "miles@019840.onmicrosoft.com",
        "onPremisesSecurityIdentifier":  null,
        "email":  null,
        "objectid":  "d1c589b6-f758-4446-a93e-55176ecd92b0",
        "tenantId":  "d2fa7646-d9d8-44c9-90e9-f26e0e5e20ec",
        "enabled":  true,
        "immutableId":  null,
        "jobTitle":  null,
        "mobile":  null,
        "proxyAddresses":  [

                           ],
        "userType":  "Member"
    },
    {
        "displayname":  "Moneo",
        "userPrincipalName":  "Moneo@019840.onmicrosoft.com",
        "onPremisesSecurityIdentifier":  null,
        "email":  null,
        "objectid":  "bc1879a7-59b5-49fd-b343-d0170f03f33e",
        "tenantId":  "d2fa7646-d9d8-44c9-90e9-f26e0e5e20ec",
        "enabled":  true,
        "immutableId":  null,
        "jobTitle":  null,
        "mobile":  null,
        "proxyAddresses":  [

                           ],
        "userType":  "Member"
    },
    {
        "displayname":  "paul",
        "userPrincipalName":  "paul@019840.onmicrosoft.com",
        "onPremisesSecurityIdentifier":  null,
        "email":  null,
        "objectid":  "3a2e5c1f-84f6-4d2c-9f1f-8e51d2d6f7cf",
        "tenantId":  "d2fa7646-d9d8-44c9-90e9-f26e0e5e20ec",
        "enabled":  false,
        "immutableId":  null,
        "jobTitle":  null,
        "mobile":  null,
        "proxyAddresses":  [

                           ],
        "userType":  "Member"
    },
    {
        "displayname":  "rabban",
        "userPrincipalName":  "rabban@019840.onmicrosoft.com",
        "onPremisesSecurityIdentifier":  null,
        "email":  null,
        "objectid":  "3bffb11a-b991-4d1f-b29f-c7d0096198bd",
        "tenantId":  "d2fa7646-d9d8-44c9-90e9-f26e0e5e20ec",
        "enabled":  true,
        "immutableId":  null,
        "jobTitle":  null,
        "mobile":  null,
        "proxyAddresses":  [

                           ],
        "userType":  "Member"
    },
    {
        "displayname":  "Serena",
        "userPrincipalName":  "Serena@019840.onmicrosoft.com",
        "onPremisesSecurityIdentifier":  null,
        "email":  null,
        "objectid":  "60a9d609-6683-4ded-8fa2-e9919ec51414",
        "tenantId":  "d2fa7646-d9d8-44c9-90e9-f26e0e5e20ec",
        "enabled":  true,
        "immutableId":  null,
        "jobTitle":  null,
        "mobile":  null,
        "proxyAddresses":  [

                           ],
        "userType":  "Member"
    },
    {
        "displayname":  "siona",
        "userPrincipalName":  "siona@019840.onmicrosoft.com",
        "onPremisesSecurityIdentifier":  null,
        "email":  null,
        "objectid":  "f17e1054-f8b0-4c5e-8a58-293e2309e72d",
        "tenantId":  "d2fa7646-d9d8-44c9-90e9-f26e0e5e20ec",
        "enabled":  true,
        "immutableId":  null,
        "jobTitle":  null,
        "mobile":  null,
        "proxyAddresses":  [

                           ],
        "userType":  "Member"
    },
    {
        "displayname":  "stilgar",
        "userPrincipalName":  "stilgar@019840.onmicrosoft.com",
        "onPremisesSecurityIdentifier":  null,
        "email":  null,
        "objectid":  "a7fd540b-2662-457b-9809-29cd48451ea5",
        "tenantId":  "d2fa7646-d9d8-44c9-90e9-f26e0e5e20ec",
        "enabled":  false,
        "immutableId":  null,
        "jobTitle":  "Fremen Leader",
        "mobile":  "123123123",
        "proxyAddresses":  [
                               "SMTP:stilgar@019840.onmicrosoft.com"
                           ],
        "userType":  "Member"
    },
    {
        "displayname":  "vladimir",
        "userPrincipalName":  "vladimir@019840.onmicrosoft.com",
        "onPremisesSecurityIdentifier":  null,
        "email":  null,
        "objectid":  "636bbd04-dc3d-44e3-8ba6-fd4d8ecdcabe",
        "tenantId":  "d2fa7646-d9d8-44c9-90e9-f26e0e5e20ec",
        "enabled":  false,
        "immutableId":  null,
        "jobTitle":  null,
        "mobile":  null,
        "proxyAddresses":  [

                           ],
        "userType":  "Member"
    },
    {
        "displayname":  "Xavier",
        "userPrincipalName":  "Xavier@019840.onmicrosoft.com",
        "onPremisesSecurityIdentifier":  null,
        "email":  null,
        "objectid":  "cbf00265-c272-4ec1-917a-2b6469b51fa1",
        "tenantId":  "d2fa7646-d9d8-44c9-90e9-f26e0e5e20ec",
        "enabled":  true,
        "immutableId":  null,
        "jobTitle":  null,
        "mobile":  null,
        "proxyAddresses":  [

                           ],
        "userType":  "Member"
    },
    {
        "displayname":  "yueh",
        "userPrincipalName":  "yueh@019840.onmicrosoft.com",
        "onPremisesSecurityIdentifier":  null,
        "email":  null,
        "objectid":  "c31b38ae-db3f-48c7-9e04-949d54b6e780",
        "tenantId":  "d2fa7646-d9d8-44c9-90e9-f26e0e5e20ec",
        "enabled":  false,
        "immutableId":  null,
        "jobTitle":  null,
        "mobile":  null,
        "proxyAddresses":  [

                           ],
        "userType":  "Member"
    }
	]
}
