{
	"meta": {
		"count": 5,
		"type": "azvms",
		"version": 4
	},
	"data": [
    {
        "objectid":  "/subscriptions/b1f16657-dd6b-4dc6-ac0a-8de1a884d403/resourceGroups/01-ASSESSMENT/providers/Microsoft.Compute/virtualMachines/aadconnect",
        "vmId":  "235f22d3-3c88-4b34-8175-c416a39a80b6",
        "displayname":  "aadconnect",
        "resourceGroupName":  "01-ASSESSMENT",
        "resoucreGroupSub":  "b1f16657-dd6b-4dc6-ac0a-8de1a884d403",
        "resourceGroupId":  "/subscriptions/b1f16657-dd6b-4dc6-ac0a-8de1a884d403/resourceGroups/01-ASSESSMENT",
        "powerState":  "VM deallocated",
        "licenseType":  "Windows_Server",
        "tags":  {

                 }
    },
    {
        "objectid":  "/subscriptions/b1f16657-dd6b-4dc6-ac0a-8de1a884d403/resourceGroups/01-ASSESSMENT/providers/Microsoft.Compute/virtualMachines/Assessment",
        "vmId":  "c29ad925-ebf8-446b-bbe6-15cb8d6876ca",
        "displayname":  "Assessment",
        "resourceGroupName":  "01-ASSESSMENT",
        "resoucreGroupSub":  "b1f16657-dd6b-4dc6-ac0a-8de1a884d403",
        "resourceGroupId":  "/subscriptions/b1f16657-dd6b-4dc6-ac0a-8de1a884d403/resourceGroups/01-ASSESSMENT",
        "powerState":  "VM deallocated",
        "licenseType":  "Windows_Client",
        "tags":  {

                 }
    },
    {
        "objectid":  "/subscriptions/b1f16657-dd6b-4dc6-ac0a-8de1a884d403/resourceGroups/01-ASSESSMENT/providers/Microsoft.Compute/virtualMachines/AzureAssessment",
        "vmId":  "4efd8367-6599-42b6-9d6b-0f421201969d",
        "displayname":  "AzureAssessment",
        "resourceGroupName":  "01-ASSESSMENT",
        "resoucreGroupSub":  "b1f16657-dd6b-4dc6-ac0a-8de1a884d403",
        "resourceGroupId":  "/subscriptions/b1f16657-dd6b-4dc6-ac0a-8de1a884d403/resourceGroups/01-ASSESSMENT",
        "powerState":  "VM deallocated",
        "licenseType":  "Windows_Client",
        "tags":  {

                 }
    },
    {
        "objectid":  "/subscriptions/b1f16657-dd6b-4dc6-ac0a-8de1a884d403/resourceGroups/01-ASSESSMENT/providers/Microsoft.Compute/virtualMachines/DC1",
        "vmId":  "a000b7dc-df45-4fa4-ad9c-3cf24a6af3cc",
        "displayname":  "DC1",
        "resourceGroupName":  "01-ASSESSMENT",
        "resoucreGroupSub":  "b1f16657-dd6b-4dc6-ac0a-8de1a884d403",
        "resourceGroupId":  "/subscriptions/b1f16657-dd6b-4dc6-ac0a-8de1a884d403/resourceGroups/01-ASSESSMENT",
        "powerState":  "VM deallocated",
        "licenseType":  "Windows_Server",
        "tags":  {

                 }
    },
    {
        "objectid":  "/subscriptions/b1f16657-dd6b-4dc6-ac0a-8de1a884d403/resourceGroups/01-ASSESSMENT/providers/Microsoft.Compute/virtualMachines/Win10",
        "vmId":  "7d1eae0b-a59f-4c70-8aa7-65dd759adc5d",
        "displayname":  "Win10",
        "resourceGroupName":  "01-ASSESSMENT",
        "resoucreGroupSub":  "b1f16657-dd6b-4dc6-ac0a-8de1a884d403",
        "resourceGroupId":  "/subscriptions/b1f16657-dd6b-4dc6-ac0a-8de1a884d403/resourceGroups/01-ASSESSMENT",
        "powerState":  "VM deallocated",
        "licenseType":  "Windows_Client",
        "tags":  {

                 }
    }
	]
}
